"Naam"	"Artikelnummer"	"EAN Nummer"	"Gewicht"	"Omschrijving"	"Specificatie"	"Categorie ID"	"Prijs"	"Inkoopprijs"	"BTW percentage"	"Verkocht Per"	"Voorraad"	"Merk"	"Staat"	"Hoofdcategorie"	"Subcategorie"	"Trefwoorden"	"Verpakking"	"TradeTrackerId"	"HoofdImage"	"Aantal Verkocht"	"Korting"	"Locatie"	"Leverancier"	"Vaste Staffels"	"Staffel aantal 1"	"Staffel prijs 1"	"Staffel korting 1"	"Staffel aantal 2"	"Staffel prijs 2"	"Staffel korting 2"	"Staffel aantal 3"	"Staffel prijs 3"	"Staffel korting 3"	"Staffel aantal 4"	"Staffel prijs 4"	"Staffel korting 4"	"Staffel aantal 5"	"Staffel prijs 5"	"Staffel korting 5"	"Minimale Afname Product"	"Pagina titel"	"Meta sleutelwoorden"	"Meta beschrijving"	"SEO Alias"	"Image 2"	"Image 2 Alt tekst"	"Image 3"	"Image 3 Alt tekst"	"Image 4"	"Image 4 Alt tekst"	"Spaarpunten"
"Château d'Aussières Corbières AOC"	"24732"	""	"1.5000"	"De wijn is diep donkerrood van kleur. Hij heeft een rijke geur met tonen van pruimen, zwarte bes, kers, een mooie kruidigheid en een houttoets. Vol, stevig, fruitig en kruidig van smaak met soepele tannines, een mooie houttoets en een harmonieuze afdronk."	""	"3434021;3476681;"	"24,99"	"0,00"	"21,00"	"stuk"	"0"	""	""	""	""	""	"123983"	""	"https://51891.static.securearea.eu/Files/2/51000/51891/ProductPhotos/Large/106954741.jpg"	"0"	"0,00"	""	"Lafite Rothschild"	"0,00"	""	"0,00"	"0,00"	""	"0,00"	"0,00"	""	"0,00"	"0,00"	""	"0,00"	"0,00"	""	"0,00"	"0,00"	"1"	""	""	""	""	""	""	""	""	""	""	""
"Charles Joubert Brut Champagne"	"16765"	""	"1.5000"	""	""	"3476745"	"29,99"	"0,00"	"21,00"	"stuk"	"0"	""	""	""	""	""	"123983"	""	"https://51891.static.securearea.eu/Files/2/51000/51891/ProductPhotos/Large/106944179.jpg"	"0"	"0,00"	""	""	"0,00"	""	"0,00"	"0,00"	""	"0,00"	"0,00"	""	"0,00"	"0,00"	""	"0,00"	"0,00"	""	"0,00"	"0,00"	"1"	""	""	""	""	""	""	""	""	""	""	""
"Faustino Cava Extra Seco"	"56455"	""	"1.5000"	"De Cava is lichtgeel van kleur met een hele fijne mousse. Hij heeft een intens parfum van geperste druiven met een delicaat vleugje van bloesem. Prachtig evenwicht tussen het fruit en de frisse zuren, vlezig en rond van smaak."	""	"3434031"	"11,99"	"0,00"	"21,00"	"stuk"	"0"	""	""	""	""	""	"123983"	""	"https://51891.static.securearea.eu/Files/2/51000/51891/ProductPhotos/Large/106945991.jpg"	"0"	"0,00"	""	""	"0,00"	""	"0,00"	"0,00"	""	"0,00"	"0,00"	""	"0,00"	"0,00"	""	"0,00"	"0,00"	""	"0,00"	"0,00"	"1"	""	""	""	""	""	""	""	""	""	""	""
"Bellussi Prosecco Frizzante DOC"	"7980"	""	"1.5000"	"De Prosecco is&nbsp;helder lichtgeel van kleur. Hij heeft een frisse, fruitige geur met nuances van appel, peer en een vleugje exotische vruchten. Fris, zachtdroog van smaak met een lichte prikkeling."	""	"3434031"	"9,99"	"0,00"	"21,00"	"stuk"	"0"	""	""	""	""	""	"123983"	""	"https://51891.static.securearea.eu/Files/2/51000/51891/ProductPhotos/Large/106952457.jpg"	"0"	"0,00"	""	""	"0,00"	""	"0,00"	"0,00"	""	"0,00"	"0,00"	""	"0,00"	"0,00"	""	"0,00"	"0,00"	""	"0,00"	"0,00"	"1"	""	""	""	""	""	""	""	""	""	""	""
"Masetti Frizzante Rosato"	"21214"	""	"1.5000"	""	""	"3434031"	"7,99"	"0,00"	"21,00"	"stuk"	"0"	""	""	""	""	""	"123983"	""	"https://51891.static.securearea.eu/Files/2/51000/51891/ProductPhotos/Large/106940861.jpg"	"0"	"0,00"	""	""	"0,00"	""	"0,00"	"0,00"	""	"0,00"	"0,00"	""	"0,00"	"0,00"	""	"0,00"	"0,00"	""	"0,00"	"0,00"	"1"	""	""	""	""	""	""	""	""	""	""	""
"Rothschild Saga Bordeaux Rouge AOC"	"27735"	""	"1.5000"	"De wijn is robijnrood van kleur, overgaand in granaatrood. Afwisselende geur met impressies van zwarte bes, bramen en licht geroosterde paprika, met een fijne houttoets en licht spicy. Soepel, sappig en stevig van smaak, perfect gebalanceerd tussen fruit en rijpe tannines met een plezierige afdronk.<br><br>Verrukkelijk bij gegrilde of gebakken entrecote, rosbief, gestoofde konijn met pruimen, lamsbout, wildgevogelte, ragout met paddestoelen en diverse kazen"	""	"3434021;3476681;"	"12,99"	"0,00"	"21,00"	"stuk"	"0"	""	""	""	""	""	"123983"	""	"https://51891.static.securearea.eu/Files/2/51000/51891/ProductPhotos/Large/106957797.jpg"	"0"	"0,00"	""	""	"0,00"	""	"0,00"	"0,00"	""	"0,00"	"0,00"	""	"0,00"	"0,00"	""	"0,00"	"0,00"	""	"0,00"	"0,00"	"1"	""	""	""	""	""	""	""	""	""	""	""
"Bosredon Bergerac Blanc Semillon"	"31466"	""	"1.5000"	"<br>Gemaakt van de druivensoort S&eacute;millon. De wijn is op zeer lage temperatuur gegist en daarna gekoeld om de gisting te stoppen. Een zwoele, elegante wijn. Mooi als aperitief (gekoeld schenken) of als winterse dessertwijn.<br><br><br><br>&nbsp;<br>"	""	"3434021;3476707;"	"8,99"	"0,00"	"21,00"	"stuk"	"0"	""	""	""	""	""	"123983"	""	"https://51891.static.securearea.eu/Files/2/51000/51891/ProductPhotos/Large/106983175.jpg"	"0"	"0,00"	""	""	"0,00"	""	"0,00"	"0,00"	""	"0,00"	"0,00"	""	"0,00"	"0,00"	""	"0,00"	"0,00"	""	"0,00"	"0,00"	"1"	""	""	""	""	""	""	""	""	""	""	""
"Ackerman Rosé d' Anjou AOP"	"26982"	""	"1.5000"	"De wijn is helder zalmroze van kleur. Hij heeft een geur van rijp zomers fruit (aardbei, framboos) en is licht bloemig. Fris, zoet, soepel en fruitig van smaak met zachte zuren."	""	"3434027"	"7,99"	"0,00"	"21,00"	"stuk"	"0"	""	""	""	""	""	"123983"	""	"https://51891.static.securearea.eu/Files/2/51000/51891/ProductPhotos/Large/106993671.jpg"	"0"	"0,00"	""	""	"0,00"	""	"0,00"	"0,00"	""	"0,00"	"0,00"	""	"0,00"	"0,00"	""	"0,00"	"0,00"	""	"0,00"	"0,00"	"1"	""	""	""	""	""	""	""	""	""	""	""
"Eugene Blanc Pinot Noir AOP Bourgogne"	"27109"	""	"1.5000"	"Helder en robijnrood met in de neus aroma&#39;s van framboos en zwarte bes en kruidige en geroosterde aroma&#39;s. De smaak is complex en intens, met tonen van rode vruchten en specerijen, en een lange, fluweelzachte afdronk."	""	"3434021;3476681;"	"12,99"	"0,00"	"21,00"	"stuk"	"0"	""	""	""	""	""	"123983"	""	"https://51891.static.securearea.eu/Files/2/51000/51891/ProductPhotos/Large/106996519.jpg"	"0"	"0,00"	""	""	"0,00"	""	"0,00"	"0,00"	""	"0,00"	"0,00"	""	"0,00"	"0,00"	""	"0,00"	"0,00"	""	"0,00"	"0,00"	"1"	""	""	""	""	""	""	""	""	""	""	""
"Colombo Cornas Mejeans AOC"	"39059"	""	"1.5000"	"De wijn heeft een frisheid en intensiteit. Hij heeft de smaak van vers fruit, zoals zwarte bessen, bosbessen en vlierbessen en florale tonen. De smaak is levendig en rond. De tannines verlenen structuur aan het fruit, compleet met fraaie afdronk.<br><br>Winnaar van de Wine Life Wijntest."	""	"3434021;3476681;"	"39,99"	"0,00"	"21,00"	"stuk"	"0"	""	""	""	""	""	"123983"	""	"https://51891.static.securearea.eu/Files/2/51000/51891/ProductPhotos/Large/106997957.jpg"	"0"	"0,00"	""	""	"0,00"	""	"0,00"	"0,00"	""	"0,00"	"0,00"	""	"0,00"	"0,00"	""	"0,00"	"0,00"	""	"0,00"	"0,00"	"1"	""	""	""	""	""	""	""	""	""	""	""
"83 by Henry Fabre AOP"	"35983"	""	"1.5000"	""	""	"3434027"	"11,99"	"0,00"	"21,00"	"stuk"	"0"	""	""	""	""	""	"123983"	""	"https://51891.static.securearea.eu/Files/2/51000/51891/ProductPhotos/Large/106998033.jpg"	"0"	"0,00"	""	""	"0,00"	""	"0,00"	"0,00"	""	"0,00"	"0,00"	""	"0,00"	"0,00"	""	"0,00"	"0,00"	""	"0,00"	"0,00"	"1"	""	""	""	""	""	""	""	""	""	""	""
"Rose Serpolet AOC"	"30911"	""	"1.5000"	"Een zeer frisse ros&eacute; met subtiele fleurige en fruitige nuances. Heerlijk met een jong, rijk kaasje."	""	"3434027"	"8,99"	"0,00"	"21,00"	"stuk"	"0"	""	""	""	""	""	"123983"	""	"https://51891.static.securearea.eu/Files/2/51000/51891/ProductPhotos/Large/107000265.jpg"	"0"	"0,00"	""	""	"0,00"	""	"0,00"	"0,00"	""	"0,00"	"0,00"	""	"0,00"	"0,00"	""	"0,00"	"0,00"	""	"0,00"	"0,00"	"1"	""	""	""	""	""	""	""	""	""	""	""
"Cuvée l'Hospitalet Blanc IGP"	"26543"	""	"1.5000"	"De wijn is mooi geel van kleur met een vleugje goud. Hij heeft een complexe geur combinatie van fruit en hout tonen. Ronde, volle smaak en de frisheid zorgt voor de juist balans.<br><br>Voortreffelijk als aperitief, bij vis of kip en bij aziatische gerechten"	""	"5108089"	"12,99"	"0,00"	"21,00"	"stuk"	"0"	""	""	""	""	""	"123983"	""	"https://51891.static.securearea.eu/Files/2/51000/51891/ProductPhotos/Large/107000685.jpg"	"0"	"3,00"	""	""	"0,00"	""	"0,00"	"0,00"	""	"0,00"	"0,00"	""	"0,00"	"0,00"	""	"0,00"	"0,00"	""	"0,00"	"0,00"	"1"	""	""	""	""	""	""	""	""	""	""	""
"Pierre Jean Chardonnay"	"25435"	""	"1.5000"	""	""	"3434021;3476707;"	"5,99"	"0,00"	"21,00"	"stuk"	"0"	""	""	""	""	""	"123983"	""	"https://51891.static.securearea.eu/Files/2/51000/51891/ProductPhotos/Large/107001399.jpg"	"0"	"0,00"	""	""	"0,00"	""	"0,00"	"0,00"	""	"0,00"	"0,00"	""	"0,00"	"0,00"	""	"0,00"	"0,00"	""	"0,00"	"0,00"	"1"	""	""	""	""	""	""	""	""	""	""	""
"Pierre Jean Rose"	"16372"	""	"1.5000"	""	""	"3434027"	"5,99"	"0,00"	"21,00"	"stuk"	"0"	""	""	""	""	""	"123983"	""	"https://51891.static.securearea.eu/Files/2/51000/51891/ProductPhotos/Large/107001921.jpg"	"0"	"0,00"	""	""	"0,00"	""	"0,00"	"0,00"	""	"0,00"	"0,00"	""	"0,00"	"0,00"	""	"0,00"	"0,00"	""	"0,00"	"0,00"	"6"	""	""	""	""	""	""	""	""	""	""	""
"Pierre Jean Merlot/Cabernet"	"15075"	""	"1.5000"	""	""	"3434021;3476681;"	"5,99"	"0,00"	"21,00"	"stuk"	"0"	""	""	""	""	""	"123983"	""	"https://51891.static.securearea.eu/Files/2/51000/51891/ProductPhotos/Large/107002121.jpg"	"0"	"0,00"	""	""	"0,00"	""	"0,00"	"0,00"	""	"0,00"	"0,00"	""	"0,00"	"0,00"	""	"0,00"	"0,00"	""	"0,00"	"0,00"	"1"	""	""	""	""	""	""	""	""	""	""	""
"Duboeuf Cuvée Blanc"	"27313"	""	"1.5000"	""	""	"3434021;3476707;"	"5,99"	"0,00"	"21,00"	"stuk"	"0"	""	""	""	""	""	"123983"	""	"https://51891.static.securearea.eu/Files/2/51000/51891/ProductPhotos/Large/107004135.jpg"	"0"	"0,00"	""	""	"0,00"	""	"0,00"	"0,00"	""	"0,00"	"0,00"	""	"0,00"	"0,00"	""	"0,00"	"0,00"	""	"0,00"	"0,00"	"1"	""	""	""	""	""	""	""	""	""	""	""
"Duboeuf Cuvée Rouge"	"27327"	""	"1.5000"	"Georges DUBOEUF kiest voor zijn Cuv&eacute;e Rouge soepele, aantrekkelijke wijnen, boordevol fruit en frisheid uit goede wijngebieden: 80% is afkomstig uit de Rh&ocirc;ne-vallei. Helderrood van kleur met aantrekkelijke frisse aroma&rsquo;s van rood fruit, zoals framboos. Soepel en fruitig van smaak. Kan de hele maaltijd door worden gedronken."	""	"3434021;3476681;"	"5,99"	"0,00"	"21,00"	"stuk"	"0"	""	""	""	""	""	"123983"	""	"https://51891.static.securearea.eu/Files/2/51000/51891/ProductPhotos/Large/107004719.jpg"	"1"	"0,00"	""	""	"0,00"	""	"0,00"	"0,00"	""	"0,00"	"0,00"	""	"0,00"	"0,00"	""	"0,00"	"0,00"	""	"0,00"	"0,00"	"1"	""	""	""	""	""	""	""	""	""	""	""
"Duboeuf Chardonnay"	"27104"	""	"1.5000"	""	""	"3434021;3476707;"	"6,99"	"0,00"	"21,00"	"stuk"	"0"	""	""	""	""	""	"123983"	""	"https://51891.static.securearea.eu/Files/2/51000/51891/ProductPhotos/Large/107006111.jpg"	"0"	"0,00"	""	""	"0,00"	""	"0,00"	"0,00"	""	"0,00"	"0,00"	""	"0,00"	"0,00"	""	"0,00"	"0,00"	""	"0,00"	"0,00"	"1"	""	""	""	""	""	""	""	""	""	""	""
"Duboeuf Merlot"	"27117"	""	"1.5000"	""	""	"3434021;3476681;"	"6,99"	"0,00"	"21,00"	"stuk"	"0"	""	""	""	""	""	"123983"	""	"https://51891.static.securearea.eu/Files/2/51000/51891/ProductPhotos/Large/107006167.jpg"	"0"	"0,00"	""	""	"0,00"	""	"0,00"	"0,00"	""	"0,00"	"0,00"	""	"0,00"	"0,00"	""	"0,00"	"0,00"	""	"0,00"	"0,00"	"1"	""	""	""	""	""	""	""	""	""	""	""
"Duboeuf Sauvignon Blanc"	"27108"	""	"1.5000"	"Helder, bleek goudgeel. Intens parfum met tonen van citrusfruit. Verfrissend en aromatisch van smaak, mondvullend, mineralig op de afdronk. Heerlijk als aperitief en bij fruits de mer, vis en asperges."	""	"3434021;3476707;"	"6,99"	"0,00"	"21,00"	"stuk"	"0"	""	""	""	""	""	"123983"	""	"https://51891.static.securearea.eu/Files/2/51000/51891/ProductPhotos/Large/107006537.jpg"	"0"	"0,00"	""	""	"0,00"	""	"0,00"	"0,00"	""	"0,00"	"0,00"	""	"0,00"	"0,00"	""	"0,00"	"0,00"	""	"0,00"	"0,00"	"1"	""	""	""	""	""	""	""	""	""	""	""
"Sartori Soave Classico Sella DOC"	"28287"	""	"1.5000"	"Om zijn hotel van goede wijn te voorzien, kocht Piertro Sartori in 1898 een eigen bescheiden wijngaard. In de ruim honderd jaar die sindsdien zijn verstreken is Sartori &ndash; inmiddels gevorderd tot de vierde generatie &ndash; trouw gebleven aan zijn oorspronkelijke stek, de streek rond Verona (Veneto). Investeringen hebben geleid tot perfectionering en modernisering van het productieproces in kelder &eacute;n wijngaard, zonder de sterke kanten van traditie uit het oog te verliezen. Zo maakt Sartori dankbaar gebruik van de veelheid aan authentieke druivenrassen die de Veneto rijk is: molinara, rondinella, garganega, trebbiano di soave, corvina veronese.<br><br>De wijn is lichtgeel van kleur. Hij heeft een droge, fruitige en evenwichtige smaak. Fris en crispy. Bijzonder lekker bij vis, lichte salades en pasta&#39;s"	""	"3476715;5037529;"	"8,99"	"0,00"	"21,00"	"stuk"	"0"	""	""	""	""	""	"123983"	""	"https://51891.static.securearea.eu/Files/2/51000/51891/ProductPhotos/Large/107008073.jpg"	"0"	"0,00"	""	""	"0,00"	""	"0,00"	"0,00"	""	"0,00"	"0,00"	""	"0,00"	"0,00"	""	"0,00"	"0,00"	""	"0,00"	"0,00"	"1"	""	""	""	""	""	""	""	""	""	""	""
"Sartori Valpolicella DOC"	"28101"	""	"1.5000"	"Om zijn hotel van goede wijn te voorzien, kocht Piertro Sartori in 1898 een eigen bescheiden wijngaard. In de ruim honderd jaar die sindsdien zijn verstreken is Sartori &ndash; inmiddels gevorderd tot de vierde generatie &ndash; trouw gebleven aan zijn oorspronkelijke stek, de streek rond Verona (Veneto). Investeringen hebben geleid tot perfectionering en modernisering van het productieproces in kelder &eacute;n wijngaard, zonder de sterke kanten van traditie uit het oog te verliezen. Zo maakt Sartori dankbaar gebruik van de veelheid aan authentieke druivenrassen die de Veneto rijk is: molinara, rondinella, garganega, trebbiano di soave, corvina veronese.<br><br>De wijn is stevig volrood van kleur. Hij heeft een brede, rijke geur van rijp fruit, paddestoelen, een milde vanilletoets van het hout en een vleugje amandel. Mooi samenspel van fruit, specerijen en hout, sappig en elegant van smaak met zachte tannines en een uitstekende afdronk.<br><br>Heerlijk bij rijke pastaschotels en gerijpte kaazen. Perfecte metgezel voor medditerraanse gerechten waarin tomaat een hoofdrol speelt."	""	"3476683;5037529;"	"6,99"	"0,00"	"21,00"	"stuk"	"0"	""	""	""	""	""	"123983"	""	"https://51891.static.securearea.eu/Files/2/51000/51891/ProductPhotos/Large/107030789.jpg"	"0"	"0,00"	""	""	"0,00"	""	"0,00"	"0,00"	""	"0,00"	"0,00"	""	"0,00"	"0,00"	""	"0,00"	"0,00"	""	"0,00"	"0,00"	"1"	""	""	""	""	""	""	""	""	""	""	""
"Cent'are Bianco IGP"	"24517"	""	"1.5000"	""	""	"3476715;5037529;"	"8,99"	"0,00"	"21,00"	"stuk"	"0"	""	""	""	""	""	"123983"	""	"https://51891.static.securearea.eu/Files/2/51000/51891/ProductPhotos/Large/107043233.jpg"	"0"	"0,00"	""	""	"0,00"	""	"0,00"	"0,00"	""	"0,00"	"0,00"	""	"0,00"	"0,00"	""	"0,00"	"0,00"	""	"0,00"	"0,00"	"1"	""	""	""	""	""	""	""	""	""	""	""
"Zebo Moscato IGP"	"24906"	""	"1.5000"	""	""	"3476715;5037529;"	"7,99"	"0,00"	"21,00"	"stuk"	"0"	""	""	""	""	""	"123983"	""	"https://51891.static.securearea.eu/Files/2/51000/51891/ProductPhotos/Large/107045273.jpg"	"0"	"0,00"	""	""	"0,00"	""	"0,00"	"0,00"	""	"0,00"	"0,00"	""	"0,00"	"0,00"	""	"0,00"	"0,00"	""	"0,00"	"0,00"	"1"	""	""	""	""	""	""	""	""	""	""	""
"Capetta Mostoduva Fresca Dolcezza Bianco"	"22749"	""	"1.5000"	""	""	"3476715;5037529;"	"6,99"	"0,00"	"21,00"	"stuk"	"0"	""	""	""	""	""	"123983"	""	"https://51891.static.securearea.eu/Files/2/51000/51891/ProductPhotos/Large/107047625.jpg"	"19"	"0,00"	""	""	"0,00"	""	"0,00"	"0,00"	""	"0,00"	"0,00"	""	"0,00"	"0,00"	""	"0,00"	"0,00"	""	"0,00"	"0,00"	"1"	""	""	""	""	""	""	""	""	""	""	""
"Faustino Crianza DO"	"28754"	""	"1.5000"	""	""	"3476685;5037531;"	"12,99"	"0,00"	"21,00"	"stuk"	"0"	""	""	""	""	""	"123983"	""	"https://51891.static.securearea.eu/Files/2/51000/51891/ProductPhotos/Large/107054293.jpg"	"0"	"0,00"	""	""	"0,00"	""	"0,00"	"0,00"	""	"0,00"	"0,00"	""	"0,00"	"0,00"	""	"0,00"	"0,00"	""	"0,00"	"0,00"	"1"	""	""	""	""	""	""	""	""	""	""	""
"Faustino V Rosado DO"	"28621"	""	"1.5000"	""	""	"3434027"	"9,99"	"0,00"	"21,00"	"stuk"	"0"	""	""	""	""	""	"123983"	""	"https://51891.static.securearea.eu/Files/2/51000/51891/ProductPhotos/Large/107066569.jpg"	"0"	"0,00"	""	""	"0,00"	""	"0,00"	"0,00"	""	"0,00"	"0,00"	""	"0,00"	"0,00"	""	"0,00"	"0,00"	""	"0,00"	"0,00"	"1"	""	""	""	""	""	""	""	""	""	""	""
"Fortius Chardonnay Navarra DO"	"28151"	""	"1.5000"	""	""	"3476737;5037531;"	"5,99"	"0,00"	"21,00"	"stuk"	"0"	""	""	""	""	""	"123983"	""	"https://51891.static.securearea.eu/Files/2/51000/51891/ProductPhotos/Large/107086707.jpg"	"0"	"0,00"	""	""	"0,00"	""	"0,00"	"0,00"	""	"0,00"	"0,00"	""	"0,00"	"0,00"	""	"0,00"	"0,00"	""	"0,00"	"0,00"	"1"	""	""	""	""	""	""	""	""	""	""	""
"Fortius Rosado"	"28213"	""	"1.5000"	""	""	"3434027"	"5,99"	"0,00"	"21,00"	"stuk"	"0"	""	""	""	""	""	"123983"	""	"https://51891.static.securearea.eu/Files/2/51000/51891/ProductPhotos/Large/107088131.png"	"0"	"0,00"	""	""	"0,00"	""	"0,00"	"0,00"	""	"0,00"	"0,00"	""	"0,00"	"0,00"	""	"0,00"	"0,00"	""	"0,00"	"0,00"	"1"	""	""	""	""	""	""	""	""	""	""	""
"Can Bas Basets DO"	"42050"	""	"1.5000"	""	""	"3476737;5037531;"	"7,49"	"0,00"	"21,00"	"stuk"	"0"	""	""	""	""	""	"123983"	""	"https://51891.static.securearea.eu/Files/2/51000/51891/ProductPhotos/Large/107089395.jpg"	"0"	"0,00"	""	""	"0,00"	""	"0,00"	"0,00"	""	"0,00"	"0,00"	""	"0,00"	"0,00"	""	"0,00"	"0,00"	""	"0,00"	"0,00"	"1"	""	""	""	""	""	""	""	""	""	""	""
"Condesa de Leganza Verdejo"	"28672"	""	"1.5000"	"De wijn is helder lichtgeel van kleur met een opvallende groene tint. Hij heeft een fris aroma van tropisch fruit, ananas, citrus, een lichte toon van venkel en vers gemaaid gras. Soepele en frisse smaak, mooie balans tussen de zuren en de florale, kruidige impressies."	""	"3476737;5037531;"	"6,99"	"0,00"	"21,00"	"stuk"	"0"	""	""	""	""	""	"123983"	""	"https://51891.static.securearea.eu/Files/2/51000/51891/ProductPhotos/Large/107090879.jpg"	"0"	"0,00"	""	""	"0,00"	""	"0,00"	"0,00"	""	"0,00"	"0,00"	""	"0,00"	"0,00"	""	"0,00"	"0,00"	""	"0,00"	"0,00"	"1"	""	""	""	""	""	""	""	""	""	""	""
"Condesa de Leganza Rosado"	"28423"	""	"1.5000"	""	""	"3434027"	"6,99"	"0,00"	"21,00"	"stuk"	"0"	""	""	""	""	""	"123983"	""	"https://51891.static.securearea.eu/Files/2/51000/51891/ProductPhotos/Large/107092207.jpg"	"0"	"0,00"	""	""	"0,00"	""	"0,00"	"0,00"	""	"0,00"	"0,00"	""	"0,00"	"0,00"	""	"0,00"	"0,00"	""	"0,00"	"0,00"	"1"	""	""	""	""	""	""	""	""	""	""	""
"Condesa de Leganza Tempranillo"	"28149"	""	"1.5000"	""	""	"3476685;5037531;"	"6,99"	"0,00"	"21,00"	"stuk"	"0"	""	""	""	""	""	"123983"	""	"https://51891.static.securearea.eu/Files/2/51000/51891/ProductPhotos/Large/107094259.jpg"	"0"	"0,00"	""	""	"0,00"	""	"0,00"	"0,00"	""	"0,00"	"0,00"	""	"0,00"	"0,00"	""	"0,00"	"0,00"	""	"0,00"	"0,00"	"1"	""	""	""	""	""	""	""	""	""	""	""
"Green Wine Company White"	"23981"	""	"1.5000"	"The Green Wine Company heeft als doel om met zijn gepassioneerde wijnboeren een uitgebalanceerd in ecosysteem in de wijngaarden te cre&euml;ren. Tussen de wijnranken groeien de bloemen en kruiden, vliegen lieveheersbeestjes en zoemen de bijen. De biologische wijnboer geeft graag de natuur de ruimte. Het levert gezonde wijnranken op die diep wortelen en het beste uit de grond halen."	""	"3476737;5037531;"	"5,99"	"0,00"	"21,00"	"stuk"	"0"	""	""	""	""	""	"123983"	""	"https://51891.static.securearea.eu/Files/2/51000/51891/ProductPhotos/Large/107106949.jpg"	"0"	"0,00"	""	""	"0,00"	""	"0,00"	"0,00"	""	"0,00"	"0,00"	""	"0,00"	"0,00"	""	"0,00"	"0,00"	""	"0,00"	"0,00"	"1"	""	""	""	""	""	""	""	""	""	""	""
"The Green Wine Company Red"	"23460"	""	"1.5000"	"The Green Wine Company heeft als doel om met zijn gepassioneerde wijnboeren een uitgebalanceerd in ecosysteem in de wijngaarden te cre&euml;ren. Tussen de wijnranken groeien de bloemen en kruiden, vliegen lieveheersbeestjes en zoemen de bijen. De biologische wijnboer geeft graag de natuur de ruimte. Het levert gezonde wijnranken op die diep wortelen en het beste uit de grond halen."	""	"3476685;5037531;"	"5,99"	"0,00"	"21,00"	"stuk"	"0"	""	""	""	""	""	"123983"	""	"https://51891.static.securearea.eu/Files/2/51000/51891/ProductPhotos/Large/107109263.jpg"	"0"	"0,00"	""	""	"0,00"	""	"0,00"	"0,00"	""	"0,00"	"0,00"	""	"0,00"	"0,00"	""	"0,00"	"0,00"	""	"0,00"	"0,00"	"1"	""	""	""	""	""	""	""	""	""	""	""
"The Green Wine Company Rosé"	"23846"	""	"1.5000"	"The Green Wine Company heeft als doel om met zijn gepassioneerde wijnboeren een uitgebalanceerd in ecosysteem in de wijngaarden te cre&euml;ren. Tussen de wijnranken groeien de bloemen en kruiden, vliegen lieveheersbeestjes en zoemen de bijen. De biologische wijnboer geeft graag de natuur de ruimte. Het levert gezonde wijnranken op die diep wortelen en het beste uit de grond halen."	""	"3434027"	"5,99"	"0,00"	"21,00"	"stuk"	"0"	""	""	""	""	""	"123983"	""	"https://51891.static.securearea.eu/Files/2/51000/51891/ProductPhotos/Large/107109285.jpg"	"0"	"0,00"	""	""	"0,00"	""	"0,00"	"0,00"	""	"0,00"	"0,00"	""	"0,00"	"0,00"	""	"0,00"	"0,00"	""	"0,00"	"0,00"	"1"	""	""	""	""	""	""	""	""	""	""	""
"Peter&Peter Riesling"	"18433"	""	"1.5000"	"Peter en Peter zijn de voornamen van de twee Duitse wijnmakers. Gedreven door passie en enthousiasme zorgen zij voor perfecte kwaliteit. De Riesling-druiven voor deze wijn zijn afkomstig van steile hellingen (in het Duits Steillagen) langs de Moezel. Alle werkzaamheden moeten handmatig worden verricht. Dit maakt de wijnbouw zeer arbeidsintensief. De bodem is rijk aan leisteen, die de wijn een frisse minerale impressie geeft."	""	""	"9,99"	"0,00"	"21,00"	"stuk"	"0"	""	""	""	""	""	"123983"	""	"https://51891.static.securearea.eu/Files/2/51000/51891/ProductPhotos/Large/108827665.jpg"	"0"	"0,00"	""	""	"0,00"	""	"0,00"	"0,00"	""	"0,00"	"0,00"	""	"0,00"	"0,00"	""	"0,00"	"0,00"	""	"0,00"	"0,00"	"1"	""	""	""	""	""	""	""	""	""	""	""
"Ancient Earth Sauvignon Blanc"	"27689"	""	"1.5000"	"<br><br><br>De wijn heeft een lichtgoude kleur met groene tinten. De wijn bevat levendige aroma&rsquo;s van ananas met peer en passievrucht voorzien van een royale begeleiding van de Kaapse kruisbes en rijpe vijgen. Begeleid door tonen van kruidige peulerwt en verrukkelijk vers fruit.<br><br>Meer dan 350 jaar geleden kregen Franse Hugenoten toestemming om zich op deze plek te vestigen. Zij brachten hun Franse&nbsp;savoir faire&nbsp;op het gebied van wijnmaken en gastronomie mee naar Franschhoek.<br><br>Hiermee werd de basis gelegd voor de grote reputatie die door de wijnen uit deze gebieden in de loop van meer dan drie eeuwen werd verworven. Vandaag de dag is Franschhoek beroemd om zijn wijnen en wordt het wijd en zijd beschouwd als het gastronomisch kloppend hart van Zuid-Afrika.<br><br>De man die laatste jaren de wijnen van Bellingham maakt, is Ni&euml;l Groenewald. Ni&euml;l is een bevlogen mens, compromisloos in zijn visie op wijn maken. Zijn stijl is heel klassiek, vol respect voor die tradities die door de tijd hun waarde hebben bewezen, maar daarbij wel op gepaste wijze gebruikmakend van eigentijdse wijntechnologische kennis en inzichten. De nadruk ligt bij hem vooral op de textuur van de wijn en op de intensiteit van het fruit.<br><br>Het zijn de wijngaarden die de expressie en de ziel van een wijn bepalen. Alleen perfect rijpe druiven, met het voor het druivenras karakteristieke smaakprofiel, die het best voldoen aan de stijl en de kwaliteitseisen die van Bellingham verwacht mogen worden, komen in aanmerking. Het resultaat is een reeks wijnen die uitblinkt in verscheidenheid. Opwindend, modern, levendig en stijlvol, maar zonder valse pretenties. Duidelijk afkomstig uit de Nieuwe Wereld, maar met een onmiskenbaar klassieke kant. Ni&euml;l getroost zich veel moeite om ervoor te zorgen dat de wijnen van Belingham het authentieke karakter van de wijngaarden weerspiegelen, en dat zij de wijnliefhebber veel genoegen verschaffen &ndash; juist en vooral aan tafel.<br>"	""	"3476739;5037535;"	"11,99"	"0,00"	"21,00"	"stuk"	"0"	""	""	""	""	""	"123983"	""	"https://51891.static.securearea.eu/Files/2/51000/51891/ProductPhotos/Large/108828721.jpg"	"0"	"0,00"	""	""	"0,00"	""	"0,00"	"0,00"	""	"0,00"	"0,00"	""	"0,00"	"0,00"	""	"0,00"	"0,00"	""	"0,00"	"0,00"	"1"	""	""	""	""	""	""	""	""	""	""	""
"Ancient Earth Syrah"	"29156"	""	"1.5000"	"<br><br>De wijn heeft een diepe robijnrode kleur, weelderig fruit van bramen en zwarte bessen, verweven met tonen van zwarte pepers en viooltjes. Verfijnt eiken en rijpe tannine bieden deze wijn een goede ondersteuning die afgemaakt word intense donkere bessen en specerijen.<br><br>Meer dan 350 jaar geleden kregen Franse Hugenoten toestemming om zich op deze plek te vestigen. Zij brachten hun Franse&nbsp;savoir faire&nbsp;op het gebied van wijnmaken en gastronomie mee naar Franschhoek.<br><br>Hiermee werd de basis gelegd voor de grote reputatie die door de wijnen uit deze gebieden in de loop van meer dan drie eeuwen werd verworven. Vandaag de dag is Franschhoek beroemd om zijn wijnen en wordt het wijd en zijd beschouwd als het gastronomisch kloppend hart van Zuid-Afrika.<br><br>De man die laatste jaren de wijnen van Bellingham maakt, is Ni&euml;l Groenewald. Ni&euml;l is een bevlogen mens, compromisloos in zijn visie op wijn maken. Zijn stijl is heel klassiek, vol respect voor die tradities die door de tijd hun waarde hebben bewezen, maar daarbij wel op gepaste wijze gebruikmakend van eigentijdse wijntechnologische kennis en inzichten. De nadruk ligt bij hem vooral op de textuur van de wijn en op de intensiteit van het fruit.<br><br>Het zijn de wijngaarden die de expressie en de ziel van een wijn bepalen. Alleen perfect rijpe druiven, met het voor het druivenras karakteristieke smaakprofiel, die het best voldoen aan de stijl en de kwaliteitseisen die van Bellingham verwacht mogen worden, komen in aanmerking. Het resultaat is een reeks wijnen die uitblinkt in verscheidenheid. Opwindend, modern, levendig en stijlvol, maar zonder valse pretenties. Duidelijk afkomstig uit de Nieuwe Wereld, maar met een onmiskenbaar klassieke kant. Ni&euml;l getroost zich veel moeite om ervoor te zorgen dat de wijnen van Belingham het authentieke karakter van de wijngaarden weerspiegelen, en dat zij de wijnliefhebber veel genoegen verschaffen &ndash; juist en vooral aan tafel."	""	"3476687;5037535;"	"11,99"	"0,00"	"21,00"	"stuk"	"0"	""	""	""	""	""	"123983"	""	"https://51891.static.securearea.eu/Files/2/51000/51891/ProductPhotos/Large/108834457.jpg"	"0"	"0,00"	""	""	"0,00"	""	"0,00"	"0,00"	""	"0,00"	"0,00"	""	"0,00"	"0,00"	""	"0,00"	"0,00"	""	"0,00"	"0,00"	"6"	""	""	""	""	""	""	""	""	""	""	""
"Buitenzorg Cabernet-Merlot-Petit Verdot"	"65804"	""	"1.5000"	"Een zachte, medium bodied, rode blend van Cabernet Sauvignon, Merlot en Petit Verdot met rijp bosfruit, mocha, kersen en een zachte afdronk."	""	"3476687;5037535;"	"6,99"	"0,00"	"21,00"	"stuk"	"0"	""	""	""	""	""	"123983"	""	"https://51891.static.securearea.eu/Files/2/51000/51891/ProductPhotos/Large/108835887.jpg"	"0"	"0,00"	""	""	"0,00"	""	"0,00"	"0,00"	""	"0,00"	"0,00"	""	"0,00"	"0,00"	""	"0,00"	"0,00"	""	"0,00"	"0,00"	"1"	""	""	""	""	""	""	""	""	""	""	""
"Buitenzorg Chardonnay-Viognier"	"65820"	""	"1.5000"	"Een smakelijke, witte blend van Chardonnay en Viognier met perzik, appel en citrus fruit met een zachte afdronk."	""	"3476739;5037535;"	"6,99"	"0,00"	"21,00"	"stuk"	"0"	""	""	""	""	""	"123983"	""	"https://51891.static.securearea.eu/Files/2/51000/51891/ProductPhotos/Large/108836125.jpg"	"0"	"0,00"	""	""	"0,00"	""	"0,00"	"0,00"	""	"0,00"	"0,00"	""	"0,00"	"0,00"	""	"0,00"	"0,00"	""	"0,00"	"0,00"	"6"	""	""	""	""	""	""	""	""	""	""	""
"Buitenzorg Chenin Blanc-Sauvignon Blanc"	"65812"	""	"1.5000"	"<br><br>Een frisse, witte blend van Chenin Blanc en Sauvignon Blanc met tropisch fruit, rijpe peer en een knisperende afdronk."	""	"3476739;5037535;"	"5,49"	"0,00"	"21,00"	"stuk"	"0"	""	""	""	""	""	"123983"	""	"https://51891.static.securearea.eu/Files/2/51000/51891/ProductPhotos/Large/108837529.jpg"	"0"	"0,00"	""	""	"0,00"	"6"	"5,49"	"0,00"	""	"0,00"	"0,00"	""	"0,00"	"0,00"	""	"0,00"	"0,00"	""	"0,00"	"0,00"	"6"	""	""	""	""	""	""	""	""	""	""	""
"Buitenzorg Pinotage Rosé"	"65975"	""	"1.5000"	"Een sappige, licht roze Pinotage ros&eacute; met aardbei en rode bes in de afdronk."	""	"3434027"	"6,99"	"0,00"	"21,00"	"stuk"	"0"	""	""	""	""	""	"123983"	""	"https://51891.static.securearea.eu/Files/2/51000/51891/ProductPhotos/Large/108840097.jpg"	"0"	"0,00"	""	""	"0,00"	""	"0,00"	"0,00"	""	"0,00"	"0,00"	""	"0,00"	"0,00"	""	"0,00"	"0,00"	""	"0,00"	"0,00"	"1"	""	""	""	""	""	""	""	""	""	""	""
"Buitenzorg Shiraz-Pinotage"	"65038"	""	"1.5000"	"Een zachte, kruidige, rode blend van Shiraz en Pinotage. Volle rode wijn met jammy fruit en zwarte peper en een zachte, elegante afdronk."	""	"3476687;5037535;"	"6,99"	"0,00"	"21,00"	"stuk"	"0"	""	""	""	""	""	"123983"	""	"https://51891.static.securearea.eu/Files/2/51000/51891/ProductPhotos/Large/108840141.jpg"	"0"	"0,00"	""	""	"0,00"	""	"0,00"	"0,00"	""	"0,00"	"0,00"	""	"0,00"	"0,00"	""	"0,00"	"0,00"	""	"0,00"	"0,00"	"1"	""	""	""	""	""	""	""	""	""	""	""
"Andes View Carmenère"	"30370"	""	"1.5000"	"Een kruidige wijn met volle frambozensmaak en een vleugje koffie.<br><br>De nabijheid van het Andesgebergte heeft de Andes View wijnen ge&iuml;nspireerd. De Andes cre&euml;ert een uniek klimaat voor de druiven uit de Central Valley. Een grote variatie tussen warme dag- en koele nachttemperaturen en de noodzakelijke watertoevoer van smeltende sneeuwkappen in de Andes zorgen voor premium wijnen van een hoge kwaliteit.<br><br>Heerlijk bij stoofpot en gegrild vlees."	""	"3476691;5037535;"	"6,99"	"0,00"	"21,00"	"stuk"	"0"	""	""	""	""	""	"123983"	""	"https://51891.static.securearea.eu/Files/2/51000/51891/ProductPhotos/Large/108841003.jpg"	"0"	"0,00"	""	""	"0,00"	""	"0,00"	"0,00"	""	"0,00"	"0,00"	""	"0,00"	"0,00"	""	"0,00"	"0,00"	""	"0,00"	"0,00"	"1"	""	""	""	""	""	""	""	""	""	""	""
"Andes View Cabernet Sauvignon"	"303701"	""	"1.5000"	"De nabijheid van het Andesgebergte heeft de Andes View wijnen ge&iuml;nspireerd. De Andes cre&euml;ert een uniek klimaat voor de druiven uit de Central Valley. Een grote variatie tussen warme dag- en koele nachttemperaturen en de noodzakelijke watertoevoer van smeltende sneeuwkappen in de Andes zorgen voor premium wijnen van een hoge kwaliteit.<br><br>Een volle wijn met een smaak van rijpe bramen en pruimen en een vleugje chocola.&nbsp;Heerlijk bij rood vlees, kruidige gerechten of rijpe kazen."	""	"3476691;5037535;"	"6,99"	"0,00"	"21,00"	"stuk"	"0"	""	""	""	""	""	"123983"	""	"https://51891.static.securearea.eu/Files/2/51000/51891/ProductPhotos/Large/108841277.jpg"	"0"	"0,00"	""	""	"0,00"	""	"0,00"	"0,00"	""	"0,00"	"0,00"	""	"0,00"	"0,00"	""	"0,00"	"0,00"	""	"0,00"	"0,00"	"1"	""	""	""	""	""	""	""	""	""	""	""
"Andes View Vineyards Chardonnay"	"30385"	""	"1.5000"	"De nabijheid van het Andesgebergte heeft de Andes View wijnen ge&iuml;nspireerd. De Andes cre&euml;ert een uniek klimaat voor de druiven uit de Central Valley. Een grote variatie tussen warme dag- en koele nachttemperaturen en de noodzakelijke watertoevoer van smeltende sneeuwkappen in de Andes zorgen voor premium wijnen van een hoge kwaliteit.<br><br>Een frisse wijn, met fruitige hints van ananas en peer.&nbsp;Heerlijk om zomaar van te genieten of bij vis, witvlees of romige pasta."	""	"3476741;5037535;"	"6,99"	"0,00"	"21,00"	"stuk"	"0"	""	""	""	""	""	"123983"	""	"https://51891.static.securearea.eu/Files/2/51000/51891/ProductPhotos/Large/108844397.jpg"	"0"	"0,00"	""	""	"0,00"	""	"0,00"	"0,00"	""	"0,00"	"0,00"	""	"0,00"	"0,00"	""	"0,00"	"0,00"	""	"0,00"	"0,00"	"1"	""	""	""	""	""	""	""	""	""	""	""
"Andes View Sauvignon Blanc"	"30391"	""	"1.5000"	"De nabijheid van het Andesgebergte heeft de Andes View wijnen ge&iuml;nspireerd. De Andes cre&euml;ert een uniek klimaat voor de druiven uit de Central Valley. Een grote variatie tussen warme dag- en koele nachttemperaturen en de noodzakelijke watertoevoer van smeltende sneeuwkappen in de Andes zorgen voor premium wijnen van een hoge kwaliteit.<br><br>Een knisperende wijn met een frisse smaak van citusfruit en groene appel. Licht kruidig."	""	"3476741;5037535;"	"6,99"	"0,00"	"21,00"	"stuk"	"0"	""	""	""	""	""	"123983"	""	"https://51891.static.securearea.eu/Files/2/51000/51891/ProductPhotos/Large/108844503.jpg"	"0"	"1,50"	""	""	"0,00"	""	"0,00"	"0,00"	""	"0,00"	"0,00"	""	"0,00"	"0,00"	""	"0,00"	"0,00"	""	"0,00"	"0,00"	"1"	""	""	""	""	""	""	""	""	""	""	""
"Callia Alta Chardonnay-Torrentes"	"13583"	""	"1.5000"	"Volgens de legende kwam een jonge vrouw, Callia, met haar familie vanuit een klein dorp in Itali&euml; naar San Juan, Argentini&euml;. De schoonheid van San Juan betoverde de vrouw vanaf&nbsp; het eerste moment. Toen haar familie na een aantal jaren weer terug wilde keren naar Itali&euml;, besloot de jonge vrouw te blijven. San Juan werd haar nieuwe thuis. Zelfs vandaag de dag, jaren na haar dood, zeggen de inwoners van deze regio dat de liefde van Callia voor dit land nog steeds overal voelbaar is.&nbsp; Dit speciale land zou een ander soort wijn produceren, uniek in de wereld. En zo werd Bodegas Callia geboren. Een speciale plek op de wereld voor een speciale wijn, gemaakt door een speciale wijnmaker: Jos&eacute; Rub&eacute;n Morales<br><br>De wijn is helder lichtgeel van kleur en heeft een groen schijnsel. Hij heeft een mooi gevarieerd fruitaroma met nuances van banaan, perzik en honing met en vleugje amandel. Heerlijk fruitig van smaak (ananas, peer) met verassend frisse tonen.<br><br>Voortreffelijk bij visgerechten, verse salades in mediterrane stijl, charcuterie, kipgerechten en als aperitief"	""	"3476741;5037535;"	"7,99"	"0,00"	"21,00"	"stuk"	"0"	""	""	""	""	""	"123983"	""	"https://51891.static.securearea.eu/Files/2/51000/51891/ProductPhotos/Large/108852633.jpg"	"0"	"0,00"	""	""	"0,00"	""	"0,00"	"0,00"	""	"0,00"	"0,00"	""	"0,00"	"0,00"	""	"0,00"	"0,00"	""	"0,00"	"0,00"	"1"	""	""	""	""	""	""	""	""	""	""	""
"Callia Alta Shiraz"	"9455"	""	"1.5000"	"Volgens de legende kwam een jonge vrouw, Callia, met haar familie vanuit een klein dorp in Itali&euml; naar San Juan, Argentini&euml;. De schoonheid van San Juan betoverde de vrouw vanaf&nbsp; het eerste moment. Toen haar familie na een aantal jaren weer terug wilde keren naar Itali&euml;, besloot de jonge vrouw te blijven. San Juan werd haar nieuwe thuis. Zelfs vandaag de dag, jaren na haar dood, zeggen de inwoners van deze regio dat de liefde van Callia voor dit land nog steeds overal voelbaar is.&nbsp; Dit speciale land zou een ander soort wijn produceren, uniek in de wereld. En zo werd Bodegas Callia geboren. Een speciale plek op de wereld voor een speciale wijn, gemaakt door een speciale wijnmaker: Jos&eacute; Rub&eacute;n Morales<br><br>De wijn is donker paarsrood van kleur, overgaand in robijnrood. Hij heeft een rijke geur van besachtig fruit, specerijen en nuances van tabak en chocolade. Stevig, rond en harmonieus van smaak, mooie melange van zachte tannines, fruit en kruiden, gevolgd door een lange afdronk."	""	"3476691;5037535;"	"7,99"	"0,00"	"21,00"	"stuk"	"0"	""	""	""	""	""	"123983"	""	"https://51891.static.securearea.eu/Files/2/51000/51891/ProductPhotos/Large/108856655.jpg"	"0"	"0,00"	""	""	"0,00"	""	"0,00"	"0,00"	""	"0,00"	"0,00"	""	"0,00"	"0,00"	""	"0,00"	"0,00"	""	"0,00"	"0,00"	"6"	""	""	""	""	""	""	""	""	""	""	""
"Callia Alta Shiraz Rosé"	"10094"	""	"1.5000"	"Volgens de legende kwam een jonge vrouw, Callia, met haar familie vanuit een klein dorp in Itali&euml; naar San Juan, Argentini&euml;. De schoonheid van San Juan betoverde de vrouw vanaf&nbsp; het eerste moment. Toen haar familie na een aantal jaren weer terug wilde keren naar Itali&euml;, besloot de jonge vrouw te blijven. San Juan werd haar nieuwe thuis. Zelfs vandaag de dag, jaren na haar dood, zeggen de inwoners van deze regio dat de liefde van Callia voor dit land nog steeds overal voelbaar is.&nbsp; Dit speciale land zou een ander soort wijn produceren, uniek in de wereld. En zo werd Bodegas Callia geboren. Een speciale plek op de wereld voor een speciale wijn, gemaakt door een speciale wijnmaker: Jos&eacute; Rub&eacute;n Morales<br><br>De wijn is stevig, helder roze van kleur. Hij heeft een frisse, aantrekkelijke geur met nuances van rijp zomerfruit. Zeer verkwikkend van smaak met tonen van rijp rood fruit, speels, sappig en met een frisse afdronk. Past goed bij&nbsp;salades, koude visvoorafjes, gegrilde vis, koud vlees, kip en als aperitief"	""	"3434027"	"7,99"	"0,00"	"21,00"	"stuk"	"0"	""	""	""	""	""	"123983"	""	"https://51891.static.securearea.eu/Files/2/51000/51891/ProductPhotos/Large/108856835.jpg"	"0"	"0,00"	""	""	"0,00"	""	"0,00"	"0,00"	""	"0,00"	"0,00"	""	"0,00"	"0,00"	""	"0,00"	"0,00"	""	"0,00"	"0,00"	"1"	""	""	""	""	""	""	""	""	""	""	""
"Eisberg Rosé Alcoholvrij"	"8086"	""	"1.5000"	"De alcoholvrije Ros&eacute; van Eisberg uit Duitsland is zoetig en fruitig, met een kers-achtig arome. Lekker als aperitief of bij lichte gerechten."	""	"3542105"	"6,99"	"0,00"	"21,00"	"stuk"	"0"	""	""	""	""	""	"123983"	""	"https://51891.static.securearea.eu/Files/2/51000/51891/ProductPhotos/Large/108866441.png"	"0"	"0,00"	""	""	"0,00"	""	"0,00"	"0,00"	""	"0,00"	"0,00"	""	"0,00"	"0,00"	""	"0,00"	"0,00"	""	"0,00"	"0,00"	"1"	""	""	""	""	""	""	""	""	""	""	""
"Eisberg Wit Alcoholvrij"	"18090"	""	"1.5000"	"Mag of kan u geen alcohol consumeren? Geen probleem! Deze frisse en fruitige alcoholvrije wijn is prima te drinken!<br><br>Deze Duitse wijn heeft hints van citrus en appel. Hij past bij salades, pasta&#39;s, vis en kip."	""	"3542105"	"6,99"	"0,00"	"21,00"	"stuk"	"0"	""	""	""	""	""	"123983"	""	"https://51891.static.securearea.eu/Files/2/51000/51891/ProductPhotos/Large/108866537.png"	"0"	"0,00"	""	""	"0,00"	""	"0,00"	"0,00"	""	"0,00"	"0,00"	""	"0,00"	"0,00"	""	"0,00"	"0,00"	""	"0,00"	"0,00"	"1"	""	""	""	""	""	""	""	""	""	""	""
"Monteguelfo Chianti Classico DOCG"	"29658"	""	"1.5000"	"In 1893 begon Luigi Cecchi in de Val d&rsquo;Elsa (niet ver van Siena, Toscane) zijn wijnhuis. De voorouders van Luigi bekleedden hier in de 15een 16eeeuw reeds de functie van &lsquo;podest&agrave;&rsquo; (beheerder). Luigi Cecchi stond bekend als een van de beste wijnproevers van de streek. In eerste instantie was het Luigi&rsquo;s oudste zoon Cesare die actief werd in het bedrijf van zijn vader. Naderhand zou hij assistentie krijgen van zijn broers, Mariano, Natale en Francesco. Al snel werd Cecchi zowel binnen Itali&euml; als daarbuiten een bekende naam. In 1953 kwam het bedrijf in handen van Cesare&rsquo;s zoon Luigi.&nbsp;<br><br>&nbsp;<br><br>In de jaren &rsquo;70 van de vorige eeuw verhuisde Cecchi naar het plaatsje Castellina in Chianti, in het hart van de&nbsp;Chianti Classico-zone. Sinds 2004 wordt het bedrijf, inmiddels uitgegroeid tot ruim 200 hectare, geleid door de broers Cesare en Andrea Cecchi. Zij zetten de bijzondere familietraditie in hoogwaardige Toscaanse en Umbrische wijnen voort. Talent en een enorme passie voor wijn hebben in de loop der jaren geleid tot de opzet van een aantal prachtige wijngoederen op diverse locaties in Toscane en Umbri&euml;. Een recente ontwikkeling is het gebruik van klassieke druivenrassen, waarmee het streekkarakter van de wijnen wordt onderstreept.<br><br>&nbsp;<br><br>Respect voor de natuurlijke omgeving van de wijnstok maakt evenzeer deel uit van Cecchi&rsquo;s bedrijfsfilosofie. Deze degelijke bedrijfsvoering heeft geleid tot de toekenning van het&nbsp;ISO 9000 Certificaat. Cecchi was een van de eerste Italiaanse wijnbedrijven die hiervoor in aanmerking kwam.<br><br>De wijn is diep robijnrood van kleur, overgaand in granaatrood. Hij heeft een volle, rijke geur met nuances van kersen, pruimen, viooltjes en een vleugje specerijen."	""	"3476683;5037529;"	"15,99"	"0,00"	"21,00"	"stuk"	"0"	""	""	""	""	""	"123983"	""	"https://51891.static.securearea.eu/Files/2/51000/51891/ProductPhotos/Large/108869251.jpg"	"0"	"0,00"	""	""	"0,00"	""	"0,00"	"0,00"	""	"0,00"	"0,00"	""	"0,00"	"0,00"	""	"0,00"	"0,00"	""	"0,00"	"0,00"	"1"	""	""	""	""	""	""	""	""	""	""	""
"Lungarotti Rubesco Riserva 2005 DOCG"	"26455"	""	"1.5000"	"Umbri&euml; heeft een rijke culinaire traditie waarin wijn een hoofdrol speelt. Midden in deze prachtige streek, niet ver van de hoofdstad Perugia, bevindt zich in het plaatsje Torgiano de beste wijnproducent van Umbr&euml;: Lungarotti.&nbsp;<br><br>Als geen ander was het Giorgio Lungarotti die in de jaren zestig Umbri&euml; definitief op de wijnkaart van Itali&euml; zette. Gedreven door passie en een niet te stuiten drang naar perfectie, veranderde hij het bezadigde Umbri&euml; in een zelfbewust en modern wijngebied.<br><br>Al zijn inspanningen bleven niet onopgemerkt. Torgiano kreeg in 1968 als &eacute;&eacute;n van de eerste streken in Itali&euml; de D.O.C. status em in 1990 promoveerde de Torgiano zelfs tot D.O.C.G. Het levenswerk van deze wijnpionier is nu in handen van Chiara en Teresa Lungarotti. Met dezelfde energie en toewijding zetten zij zich in om de ster van Lungarroti blijvend de laten schijnen.&nbsp;<br><br>De wijn is diep robijnrood van kloer met een violet weerschijn. Hij heeft een elegante en complexe geur met een vleugje zwarte kersen, bramen, tonen van viooltjes, method, peper en kruidnagel. Fris, fruitig van smaak met een lichte houttoon, strakke tannines en lange afdronk"	""	"3476683;5037529;"	"49,99"	"0,00"	"21,00"	"stuk"	"0"	""	""	""	""	""	"123983"	""	"https://51891.static.securearea.eu/Files/2/51000/51891/ProductPhotos/Large/108872943.jpg"	"0"	"0,00"	""	""	"0,00"	"1"	"49,99"	"0,00"	"6"	"29,99"	"0,00"	""	"0,00"	"0,00"	""	"0,00"	"0,00"	""	"0,00"	"0,00"	"1"	""	""	""	""	""	""	""	""	""	""	""
"Pouilly-Fumé Domaine Bardin AOC"	"39033"	""	"1.5000"	"Pouilly-Fum&eacute; is een zeer bekende witte wijn uit de Loire streek. Dat komt vooral door zijn unieke karakteristieke rokerige smaak. Deze Pouilly-Fum&eacute; is bijzonder droog, met prettige nuances van grapefruit en een fleurig aroma. Verder is hij heerlijk crisp en zesty.<br><br>Combineer deze wijn met fijne vis gerechten en schelpdieren. Maar ook met bijvoorbeeld culinaire varkensgerechten. De kracht van deze wijn maakt hem erg flexibel"	""	"3434021;3476707;"	"19,99"	"0,00"	"21,00"	"stuk"	"0"	""	""	""	""	""	"123983"	""	"https://51891.static.securearea.eu/Files/2/51000/51891/ProductPhotos/Large/130407143.jpg"	"0"	"7,50"	""	""	"0,00"	""	"0,00"	"0,00"	""	"0,00"	"0,00"	""	"0,00"	"0,00"	""	"0,00"	"0,00"	""	"0,00"	"0,00"	"6"	""	""	""	""	""	""	""	""	""	""	""
"Ladoucette Comte Lafon Sancerre AOC"	"37211"	""	"1.5000"	"Sancerre is wereldwijd beroemd om zijn hoogstaande en sublieme wijn. Sancerre is Sauvignon Blanc. Maar een echte Sancerre laat het terroir spreken voor de druif. Juist de ligging van deze streek is zo uniek, met zijn grond van kalk en vuursteen. Percelen worden apart gevinifi&euml;erd, de oogst wordt uiterst zorgvuldig verwerkt. Subtieler en verfijnder dan zijn buurman, de Pouilly-Fum&eacute;. Sancerre is een echte koning onder de Franse witte wijn.&nbsp;"	""	""	"24,99"	"0,00"	"21,00"	"stuk"	"0"	""	""	""	""	""	"123983"	""	"https://51891.static.securearea.eu/Files/2/51000/51891/ProductPhotos/Large/130416005.jpg"	"0"	"0,00"	""	""	"0,00"	""	"0,00"	"0,00"	""	"0,00"	"0,00"	""	"0,00"	"0,00"	""	"0,00"	"0,00"	""	"0,00"	"0,00"	"6"	""	""	""	""	""	""	""	""	""	""	""
"Lanson Brut Champagne "Black Label""	"19487"	""	"1.5000"	"De champagnes van het huis Lanson zijn het resultaat van jarenlange ervaring en technieken, overgeleverd van generatie op generatie. De kern van deze ervaring ligt in de afwezigheid van de malolactische fermentatie. (Er vindt geen 2e gisting of malolactische fermentatie plaats waardoor de aanwezige harde appelzuren niet door bacteri&euml;n worden omgezet in het mildere melkzuur.) Dit geeft de champagnewijnen hun specifieke fruitaroma&rsquo;s, de volheid in smaak en de mogelijkheid tot ouderen. Daarnaast kenmerkt de Lansonstijl zich door zijn elegante, levendige en krachtige wijnen, te danken aan de perfecte techniek van vinificeren."	""	"3476745"	"39,99"	"0,00"	"21,00"	"stuk"	"0"	""	""	""	""	""	"123983"	""	"https://51891.static.securearea.eu/Files/2/51000/51891/ProductPhotos/Large/130417607.jpg"	"0"	"0,00"	""	""	"0,00"	""	"0,00"	"0,00"	""	"0,00"	"0,00"	""	"0,00"	"0,00"	""	"0,00"	"0,00"	""	"0,00"	"0,00"	"6"	""	""	""	""	""	""	""	""	""	""	""
"Château Preuillac Medoc Cru Bourgeois AOC"	"34108"	""	"1.5000"	""	""	"3434021;3476681;"	"17,49"	"0,00"	"21,00"	"stuk"	"0"	""	""	""	""	""	"123983"	""	"https://51891.static.securearea.eu/Files/2/51000/51891/ProductPhotos/Large/131156215.jpg"	"0"	"0,00"	""	""	"0,00"	""	"0,00"	"0,00"	""	"0,00"	"0,00"	""	"0,00"	"0,00"	""	"0,00"	"0,00"	""	"0,00"	"0,00"	"6"	""	""	""	""	""	""	""	""	""	""	""
"Pascal Bouchard Chablis premier Cru Fourchaume AOC"	"28542"	""	"1.5000"	"De wijn is fonkelend geel van kleur. Hij heeft een fraaie geur met tonen van rijp fruit, karamel en een florale toets. Een stevige aanzet, geconcentreerd en verfijnd van smaak met zachte zuren en een elegante finale.<br><br>Combneer met Licht gebraden gevogelte met paddestoelen en een romige saus, gekonfijte eendenborst, salade met rivierkreeftjes, fijne vis in roomsaus (gegrild of gebakken), oesters, coquilles, wijngaardslakken, kalfsvlees met morieljes, jonge witschimmelkaas"	""	"3434021;3476707;"	"21,49"	"0,00"	"21,00"	"stuk"	"0"	""	""	""	""	""	"123983"	""	"https://51891.static.securearea.eu/Files/2/51000/51891/ProductPhotos/Large/131156377.jpg"	"0"	"0,00"	""	""	"0,00"	""	"0,00"	"0,00"	""	"0,00"	"0,00"	""	"0,00"	"0,00"	""	"0,00"	"0,00"	""	"0,00"	"0,00"	"6"	""	""	""	""	""	""	""	""	""	""	""
"Sartori Valpolicella Montegradella DOC"	"28844"	""	"1.5000"	""	""	"3476683;5037529;"	"11,99"	"0,00"	"21,00"	"stuk"	"0"	""	""	""	""	""	"123983"	""	"https://51891.static.securearea.eu/Files/2/51000/51891/ProductPhotos/Large/131156485.jpg"	"0"	"0,00"	""	""	"0,00"	""	"0,00"	"0,00"	""	"0,00"	"0,00"	""	"0,00"	"0,00"	""	"0,00"	"0,00"	""	"0,00"	"0,00"	"6"	""	""	""	""	""	""	""	""	""	""	""
"Chateau Les Raymonds Bordeaux"	"23110"	""	"1.5000"	"De Chateau Les Raymonds is een heerlijke soepele wijn uit de Bordeaux streek. Vol met bosvruchten en zacht. Past prima bij wild of gerechten met rood vlees, maar is ook heerlijk met een kaasje of gewoon op zich zelf.&nbsp;"	""	"5108089"	"5,99"	"0,00"	"21,00"	"stuk"	"0"	""	""	""	""	""	"123983"	""	"https://51891.static.securearea.eu/Files/2/51000/51891/ProductPhotos/Large/148857775.jpg"	"0"	"1,00"	""	""	"0,00"	""	"0,00"	"0,00"	""	"0,00"	"0,00"	""	"0,00"	"0,00"	""	"0,00"	"0,00"	""	"0,00"	"0,00"	"1"	""	""	""	""	""	""	""	""	""	""	""
"Chateau Pillot Cotes de Bourg"	"37950"	""	"1.5000"	"Een volle, weelderige Bordeaux met aroma&#39;s van rijp rood fruit en eikenhout. De tannines van deze wijn zijn zeer ontwikkeld en vriendelijke. Heerlijk bij rund, lam en fijne wildschotels.&nbsp;"	""	"3434021;3476681;"	"10,99"	"0,00"	"21,00"	"stuk"	"0"	""	""	""	""	""	"123983"	""	"https://51891.static.securearea.eu/Files/2/51000/51891/ProductPhotos/Large/155106459.jpg"	"0"	"0,00"	""	""	"0,00"	""	"0,00"	"0,00"	""	"0,00"	"0,00"	""	"0,00"	"0,00"	""	"0,00"	"0,00"	""	"0,00"	"0,00"	"1"	""	""	""	""	""	""	""	""	""	""	""
"Chateau Semeillan Haut-Médoc"	"29487"	""	"1.5000"	"Een stevige, flinke Haut-Medoc uit de Bordeaux. Een echte krachtpatser vol met pittige kruiden en rood fruit. Decanteren is aanbevolen. Combineert excellent met wild en andere stevigere gerechten."	""	"3434021;3476681;"	"12,99"	"0,00"	"21,00"	"stuk"	"0"	""	""	""	""	""	"123983"	""	"https://51891.static.securearea.eu/Files/2/51000/51891/ProductPhotos/Large/155106487.png"	"0"	"0,00"	""	""	"0,00"	""	"0,00"	"0,00"	""	"0,00"	"0,00"	""	"0,00"	"0,00"	""	"0,00"	"0,00"	""	"0,00"	"0,00"	"1"	""	""	""	""	""	""	""	""	""	""	""
"Chateau Paveil de Luze Margaux"	"31688"	""	"1.5000"	"Fluweelzachte en uiterst verfijnde Margaux. Een echte maaltijdwijn. Duidelijke noten van hout, rood fruit en zwarte bessen. Combineert goed met bijvoorbeeld entrecote, lam en eendenborst. Gaat ook prima met lang gerijpte harde kazen."	""	"3434021;3476681;"	"19,99"	"0,00"	"21,00"	"stuk"	"0"	""	""	""	""	""	"123983"	""	"https://51891.static.securearea.eu/Files/2/51000/51891/ProductPhotos/Large/155106587.jpg"	"0"	"0,00"	""	""	"0,00"	""	"0,00"	"0,00"	""	"0,00"	"0,00"	""	"0,00"	"0,00"	""	"0,00"	"0,00"	""	"0,00"	"0,00"	"1"	""	""	""	""	""	""	""	""	""	""	""
"Chateau Vieux Labarthe St. Emilion "	"32419"	""	"1.5000"	"Fruitige, zachte en grond-achtige St. Emilion. 12 maanden lang gerijpt op eikenhouten vaten. Perfect bij rund en harde kazen."	""	"3434021;3476681;"	"16,99"	"0,00"	"21,00"	"stuk"	"0"	""	""	""	""	""	"123983"	""	"https://51891.static.securearea.eu/Files/2/51000/51891/ProductPhotos/Large/155106595.jpg"	"0"	"0,00"	""	""	"0,00"	""	"0,00"	"0,00"	""	"0,00"	"0,00"	""	"0,00"	"0,00"	""	"0,00"	"0,00"	""	"0,00"	"0,00"	"1"	""	""	""	""	""	""	""	""	""	""	""
"Chateau Templiers Lalande-de-Pomerol"	""	""	"1.5000"	"Zachte wijn met lange afdronk. Combineer met kalfsvlees."	""	"3434021;3476681;"	"13,99"	"0,00"	"21,00"	"stuk"	"0"	""	""	""	""	""	"123983"	""	"https://51891.static.securearea.eu/Files/2/51000/51891/ProductPhotos/Large/155106685.jpg"	"0"	"0,00"	""	""	"0,00"	""	"0,00"	"0,00"	""	"0,00"	"0,00"	""	"0,00"	"0,00"	""	"0,00"	"0,00"	""	"0,00"	"0,00"	"1"	""	""	""	""	""	""	""	""	""	""	""
"Maison Foucher Pouilly-Fumé"	""	""	"1.5000"	"Een uitstekende wijn voor visgerechten, maar ook heerlijk om zo te drinken. Pouilly-Fum&eacute; staat bekend om zijn ietwat rook-achtig aroma.&nbsp;"	""	"3434021;3476707;"	"14,99"	"0,00"	"21,00"	"stuk"	"0"	""	""	""	""	""	"123983"	""	"https://51891.static.securearea.eu/Files/2/51000/51891/ProductPhotos/Large/160041041.jpg"	"0"	"0,00"	""	""	"0,00"	""	"0,00"	"0,00"	""	"0,00"	"0,00"	""	"0,00"	"0,00"	""	"0,00"	"0,00"	""	"0,00"	"0,00"	"1"	""	""	""	""	""	""	""	""	""	""	""
"Petit Le Mont Sauvignon Blanc"	""	""	"1.5000"	"Frisse en subtiele witte wijn uit het Loire gebied. Vergelijkbaar met Sancerre in stijl en smaak. Prima bij vis en salades en ook heerlijk als aperatief.&nbsp;"	""	"3434021;3476707;"	"8,99"	"0,00"	"21,00"	"stuk"	"0"	""	""	""	""	""	"123983"	""	"https://51891.static.securearea.eu/Files/2/51000/51891/ProductPhotos/Large/160041091.jpeg"	"0"	"0,00"	""	""	"0,00"	""	"0,00"	"0,00"	""	"0,00"	"0,00"	""	"0,00"	"0,00"	""	"0,00"	"0,00"	""	"0,00"	"0,00"	"1"	""	""	""	""	""	""	""	""	""	""	""
"Tikves Vranec"	""	""	"1.5000"	"Een zeer droge en stevige wijn uit Macedoni&euml; met smaken van peper en rood fruit. Decanteren is aangeraden. Een wijn met een zeer uniek karakter voor avontuurlijk ingestelde fijnproevers.&nbsp;"	""	"3434025;4645791;"	"11,99"	"0,00"	"21,00"	"stuk"	"0"	""	""	""	""	""	"123983"	""	"https://51891.static.securearea.eu/Files/2/51000/51891/ProductPhotos/Large/160041385.jpeg"	"0"	"0,00"	""	""	"0,00"	""	"0,00"	"0,00"	""	"0,00"	"0,00"	""	"0,00"	"0,00"	""	"0,00"	"0,00"	""	"0,00"	"0,00"	"1"	""	""	""	""	""	""	""	""	""	""	""
"Tikves Temjanika"	""	""	"1.5000"	"Een droge witte wijn met een heerlijk floraal aroma. Hoewel het aroma doet denken aan muskaat, is deze wijn zeer droog met een boterige, noot-achtige smaak.&nbsp;"	""	"3434025;4645793;"	"9,99"	"0,00"	"21,00"	"stuk"	"0"	""	""	""	""	""	"123983"	""	"https://51891.static.securearea.eu/Files/2/51000/51891/ProductPhotos/Large/160041419.jpg"	"0"	"0,00"	""	""	"0,00"	""	"0,00"	"0,00"	""	"0,00"	"0,00"	""	"0,00"	"0,00"	""	"0,00"	"0,00"	""	"0,00"	"0,00"	"1"	""	""	""	""	""	""	""	""	""	""	""
"Rafale Sauvignon Blanc"	""	""	"1.5000"	"Lichte en frisse witte wijn uit het zuiden van Frankrijk. Smaken van citrus en appel.&nbsp;"	""	"3434021;3476707;"	"6,49"	"0,00"	"21,00"	"stuk"	"0"	""	""	""	""	""	"123983"	""	""	"0"	"0,00"	""	""	"0,00"	""	"0,00"	"0,00"	""	"0,00"	"0,00"	""	"0,00"	"0,00"	""	"0,00"	"0,00"	""	"0,00"	"0,00"	"1"	""	""	""	""	""	""	""	""	""	""	""
"Bosredon Bergerac Blanc"	""	""	"1.5000"	"Stevige, boterige witte wijn met een fruitig karakter.&nbsp;"	""	""	"8,99"	"0,00"	"21,00"	"stuk"	"0"	""	""	""	""	""	"123983"	""	"https://51891.static.securearea.eu/Files/2/51000/51891/ProductPhotos/Large/160041485.jpg"	"0"	"0,00"	""	""	"0,00"	""	"0,00"	"0,00"	""	"0,00"	"0,00"	""	"0,00"	"0,00"	""	"0,00"	"0,00"	""	"0,00"	"0,00"	"1"	""	""	""	""	""	""	""	""	""	""	""
"Lanson Rosé Brut"	""	""	"1.5000"	"Intense fris en bubbelig. Een prachtige Champagne voor iedere feestelijke gelegenheid, of gewoon omdat het zo lekker is."	""	"3476745"	"48,99"	"0,00"	"21,00"	"stuk"	"0"	""	""	""	""	""	"123983"	""	"https://51891.static.securearea.eu/Files/2/51000/51891/ProductPhotos/Large/160041573.jpg"	"0"	"0,00"	""	""	"0,00"	""	"0,00"	"0,00"	""	"0,00"	"0,00"	""	"0,00"	"0,00"	""	"0,00"	"0,00"	""	"0,00"	"0,00"	"1"	""	""	""	""	""	""	""	""	""	""	""
"Les Cinq Pattes"	""	""	"1.5000"	"Soepel en zacht. Deze blend van Cabernet Sauvignon en Merlot zit vol met rood fruit. Heerlijk om gewoon lekker op zich zelf te drinken of bij vleesgerechten of kaas."	""	""	"9,49"	"0,00"	"21,00"	"stuk"	"0"	""	""	""	""	""	"123983"	""	"https://51891.static.securearea.eu/Files/2/51000/51891/ProductPhotos/Large/160297619.jpg"	"0"	"0,00"	""	""	"0,00"	""	"0,00"	"0,00"	""	"0,00"	"0,00"	""	"0,00"	"0,00"	""	"0,00"	"0,00"	""	"0,00"	"0,00"	"1"	""	""	""	""	""	""	""	""	""	""	""
"Scriani Valpolicella Ripasso Classico Superiore"	""	""	"1.5000"	"Scriani is een klein wijnhuis dat zeer grote wijn maakt. De Ripasso van Scriani rijp 20 maanden op eikenhout. De wijn zit vol met bessen, kersen en pruimen. Het sap is dikkig en zeer rijk. Met een percentage van 14% is dit en echte krachtpatser. Hij moet zeker een uur voor het drinken opengemaakt worden!"	""	"3476683;5037529;"	"16,99"	"0,00"	"21,00"	"stuk"	"0"	""	""	""	""	""	"123983"	""	"https://51891.static.securearea.eu/Files/2/51000/51891/ProductPhotos/Large/160297717.jpg"	"0"	"0,00"	""	""	"0,00"	""	"0,00"	"0,00"	""	"0,00"	"0,00"	""	"0,00"	"0,00"	""	"0,00"	"0,00"	""	"0,00"	"0,00"	"1"	""	""	""	""	""	""	""	""	""	""	""
"Bosredon Bergerac Cabernet Sauvigon - Merlot"	""	""	"1.5000"	"Elegante rode wijn uit Bergerac. Lekker bij winterse stoofpotjes. De wijn heeft een neus van drop en kersen. Hij drinkt zeer soepel. Heerlijk vol."	""	"3434021;3476681;"	"8,99"	"0,00"	"21,00"	"stuk"	"0"	""	""	""	""	""	"123983"	""	"https://51891.static.securearea.eu/Files/2/51000/51891/ProductPhotos/Large/161660155.jpg"	"0"	"0,00"	""	""	"0,00"	""	"0,00"	"0,00"	""	"0,00"	"0,00"	""	"0,00"	"0,00"	""	"0,00"	"0,00"	""	"0,00"	"0,00"	"1"	""	""	""	""	""	""	""	""	""	""	""
"Chateau Mouton Rothschild 1er Grand Cru Classe 2005"	""	""	"1.5000"	"Oorspronkelijk hoorde de wijngaard van Mouton tot die van&nbsp;Ch&acirc;teau Lafite-Rothschild, maar in het midden van de 18e eeuw werd het een afzonderlijke eenheid, in bezit van de familie Brane. In de eerste helft van de volgende eeuw kwam baron Hector de Brane (of Branne) bekend te staan als de &quot;Napoleon van de wijnstokken&quot; vanwege zijn inspanningen om de wijngaarden in de M&eacute;doc te ontwikkelen, waarbij hij verondersteld wordt de&nbsp;cabernet sauvignon&nbsp;te hebben ge&iuml;ntroduceerd. In 1830 verkocht hij Mouton aan een zekere heer Thuret en trok zich terug op zijn Ch&acirc;teau Brane-Cantenac in Margaux. Tegen deze tijd had Mouton enige internationale reputatie.<br><br>Het wijngoed Ch&acirc;teau Brane-Mouton werd in 1853 door de Engelse tak van de Rothschild familie gekocht van de heer Thuret en hernoemd naar zijn huidige naam. In 1855 werd het ch&acirc;teau in de&nbsp;classificatie&nbsp;die dat jaar werd opgesteld bovenaan de&nbsp;tweede&nbsp;crus geplaatst, tot grote ergernis van de familie De Rothschild. Echter, pas vanaf 1945, nadat baron Philippe de Rothschild de leiding van zijn vader al in 1922 had overgenomen, werden stappen ondernomen om deze (in hun ogen) onterecht lage klassering ongedaan te maken. Dit resulteerde in 1973 uiteindelijk in promotie tot de eerste crus.<br><br>Al snel na zijn aantreden verbaasde baron Philippe de Rothschild de wijnwereld door een kunstenaar,&nbsp;Jean Carlu, te vragen een&nbsp;art deco&nbsp;ontwerp (met daarin verwerkt de pijlen uit het wapen van De Rothschild) te maken voor een etiket voor de oogst van 1924. Zijn volgende opmerkelijke stap was te besluiten zijn eerste cru uitsluitend te bottelen op het ch&acirc;teau.<br><br>Sinds de&nbsp;Tweede Wereldoorlog&nbsp;wordt ieder jaar een nieuw etiket ontworpen. Voor het ontwerp worden kunstenaars en bekende personen gevraagd, zoals&nbsp;Jean Cocteau&nbsp;in 1947,&nbsp;Salvador Dal&iacute;&nbsp;in 1958,&nbsp;Joan Mir&oacute;&nbsp;in 1969,&nbsp;Marc Chagall&nbsp;in 1970,Pablo Picasso&nbsp;in 1973,&nbsp;Andy Warhol&nbsp;in 1975,&nbsp;Pierre Soulages&nbsp;in 1976,&nbsp;Keith Haring&nbsp;in 1988,&nbsp;Karel Appel&nbsp;in 1994,&nbsp;Niki de Saint Phalle&nbsp;in 1997 en&nbsp;Prins Charles&nbsp;in 2004. Zij ontvangen voor het ontwerp 24 kisten van de jaargang waarop hun ontwerp wordt getoond.<br><br>"	""	""	"1100,00"	"0,00"	"21,00"	"stuk"	"0"	""	""	""	""	""	"123983"	""	"https://51891.static.securearea.eu/Files/2/51000/51891/ProductPhotos/Large/161987179.jpg"	"0"	"0,00"	""	""	"0,00"	""	"0,00"	"0,00"	""	"0,00"	"0,00"	""	"0,00"	"0,00"	""	"0,00"	"0,00"	""	"0,00"	"0,00"	"6"	""	""	""	""	""	""	""	""	""	""	""
"Chateau Latour 1er Grand Cru Classe 2011"	""	""	"1.5000"	"De (oorspronkelijk vierkante) toren die naamgever is van het ch&acirc;teau maakte deel uit van een verdedigingslinie tegen piraten die vanaf de oceaan naderden.&nbsp;. Tegen het einde van de 17e eeuw werden enkele kleinere landgoederen samengebracht onder het bewind van de familie Mullet. De&nbsp;Nieuwe Franse claret&nbsp;die zij produceerde werd voor het eerst geveild in de koffiehuizen van&nbsp;Londen&nbsp;tegen het einde van de 18e eeuw. Hoewel de familie Clauzel het domein vanaf 1677 bezat, viel het door huwelijksvererving in handen van de machtige familie S&eacute;gur, die ook&nbsp;Lafite,&nbsp;Mouton&nbsp;en Ch&acirc;teau Calon-S&eacute;gur in bezit had.<br><br>Toen de markies Nicolas-Alexandre de S&eacute;gur,&nbsp;Le Prince des Vignes, in 1755 stierf, verviel het domein aan zijn vier dochters, waarvan drie het volledige eigendom bemachtigden in 1760. Hun mannelijke erfgenamen bleven in bezit van het ch&acirc;teau, dat in 1842 een particuliere onderneming werd, totdat het in 1963 werd gekocht door de Britse familie Pearson, waarbij 25 procent werd verworven door de wijnhandel&nbsp;Harveys of Bristol&nbsp;en een minderheidsbelang in handen bleef van de Franse families. Het domein werd ingrijpend gemoderniseerd, waarbij controversi&euml;le roestvrij stalen tanks werden ge&iuml;nstalleerd als gistingsvaten vanaf de oogst van 1964, deels op advies van directeur Harry Waugh. In 1989 werd het domein verkocht aan de multinational Allied-Lyons Hiram Walker, die al eigenaar was van&nbsp;Harveys of Bristol, voor een bedrag van &pound; 110 miljoen. In juni 1993 verkochten zij hun aandeel van 94 procent aan Fran&ccedil;ois Pinault&nbsp;voor 129 miljoen dollar. Pinault is ook eigenaar van de&nbsp;Fondation Pinault&nbsp;en van het Londense veilinghuis Christie&#39;s.<br><br>Intens, diep, weelderig en strak zijn de hoofdkenmerken van Latour. De wijnen worden gekenmerkt door een grote hoeveelheid tannine, waardoor de wijn de tijd nodig heeft om te rijpen; een jonge Latour is niet elegant. Latour is een uiterst gereserveerde wijn, streng, stoer en gedistingeerd, maar niet lieflijk."	""	""	"1050,00"	"0,00"	"21,00"	"stuk"	"0"	""	""	""	""	""	"123983"	""	"https://51891.static.securearea.eu/Files/2/51000/51891/ProductPhotos/Large/161992271.jpeg"	"0"	"0,00"	""	""	"0,00"	""	"0,00"	"0,00"	""	"0,00"	"0,00"	""	"0,00"	"0,00"	""	"0,00"	"0,00"	""	"0,00"	"0,00"	"6"	""	""	""	""	""	""	""	""	""	""	""
"Chateau Climens Sauternes 1er Grand Cru Classe 2008"	""	""	"1.5000"	"Een relatief lichtere Sauternes met subtielere maar zeer verfijnde smaken en aroma&#39;s. Chateau Climens wordt vaak genoemd als het tweede Chateau in de rangorde van Sauternes, na het befaamde Chateau d&#39;Yquem.<br><br>In tegenstelling tot andere Sauternes staat Chateau Climens bekent als een wijn die beter net wat jaartjes jonger gedronken kan worden. Alexis Lichine, beroemde wijn criticus uit zijn tijd, zei over de vintages&nbsp;1929, 1947 en 1949 dat zij beter waren dan Chateau d&#39;Yquem als &quot;lichter, met minder body, maar mirakuleus subtiel&quot;."	""	""	"150,00"	"0,00"	"21,00"	"stuk"	"0"	""	""	""	""	""	"123983"	""	"https://51891.static.securearea.eu/Files/2/51000/51891/ProductPhotos/Large/162234651.jpg"	"0"	"0,00"	""	""	"0,00"	""	"0,00"	"0,00"	""	"0,00"	"0,00"	""	"0,00"	"0,00"	""	"0,00"	"0,00"	""	"0,00"	"0,00"	"6"	""	""	""	""	""	""	""	""	""	""	""
"Georges Duboeuf Saint Véran"	""	""	"1.5000"	"Complex floraal en fruitig. Vol en breed. Een heerlijke droge witte wijn met een levendige aciditeit. Saint V&eacute;ran is een van de mooiere appelations uit de Maconnais streek in Bourgogne. 100% Chardonnay.<br><br>Wijnstokken in Saint V&eacute;ran worden niet gesnoeit zoals in andere gebieden. De uitstekende takken worden inplaats daarvan naar beneden gebogen, dit noemt men &quot;taille &agrave; queue du M&acirc;connais.&nbsp;Deze methode is uniek aan de Maconnais streek.&nbsp;"	""	"3434021;3476707;"	"14,99"	"0,00"	"21,00"	"stuk"	"0"	""	""	""	""	""	"123983"	""	"https://51891.static.securearea.eu/Files/2/51000/51891/ProductPhotos/Large/162608059.jpg"	"0"	"0,00"	""	""	"0,00"	""	"0,00"	"0,00"	""	"0,00"	"0,00"	""	"0,00"	"0,00"	""	"0,00"	"0,00"	""	"0,00"	"0,00"	"1"	""	""	""	""	""	""	""	""	""	""	""
"Georges Duboeuf Pouilly-Fuissé"	""	""	"1.5000"	"100% Chardonnay. Zuiver, verfrissend, droog en delicaat. Voor de echte liefhebber van Franse witte wijn.<br><br>Pouilly-Fuiss&eacute; staat bekend als de mooiste Chardonnay uit de brede Maconnais streek in Bourgogne. De Alkalische klei die alleen in deze AOC van de Maconnais gevonden kan worden als bodemsoort is uniek en ideaal voor de Chardonnay druif."	""	"3434021;3476707;"	"26,99"	"0,00"	"21,00"	"stuk"	"2"	""	""	""	""	""	"123983"	""	"https://51891.static.securearea.eu/Files/2/51000/51891/ProductPhotos/Large/162608203.jpg"	"0"	"0,00"	""	""	"0,00"	""	"0,00"	"0,00"	""	"0,00"	"0,00"	""	"0,00"	"0,00"	""	"0,00"	"0,00"	""	"0,00"	"0,00"	"1"	""	""	""	""	""	""	""	""	""	""	""
"Kopke Gold Tawny Port"	""	""	"1.5000"	"Extra lang in hout gerijpt. Een uitstekende zachte en volle port met elegante tonen van hout.<br><br>Heerlijk bij stevige kaas, vooral blauwe kaas, noten, en chocolade."	""	"4693747"	"12,99"	"0,00"	"21,00"	"stuk"	"0"	""	""	""	""	""	"123983"	""	"https://51891.static.securearea.eu/Files/2/51000/51891/ProductPhotos/Large/162608285.jpg"	"0"	"0,00"	""	""	"0,00"	""	"0,00"	"0,00"	""	"0,00"	"0,00"	""	"0,00"	"0,00"	""	"0,00"	"0,00"	""	"0,00"	"0,00"	"1"	""	""	""	""	""	""	""	""	""	""	""
"Delaforce Ruby Port"	""	""	"1.5000"	"Soepele en fruitige Ruby Port van Delaforce. Heerlijk bij een grote verscheidenheid aan kazen en zoete desserts."	""	"4693747"	"11,99"	"0,00"	"21,00"	"stuk"	"0"	""	""	""	""	""	"123983"	""	"https://51891.static.securearea.eu/Files/2/51000/51891/ProductPhotos/Large/162608377.jpg"	"0"	"0,00"	""	""	"0,00"	""	"0,00"	"0,00"	""	"0,00"	"0,00"	""	"0,00"	"0,00"	""	"0,00"	"0,00"	""	"0,00"	"0,00"	"1"	""	""	""	""	""	""	""	""	""	""	""
"Delaforce White Port"	""	""	"1.5000"	"Crisp en zuiver. Vol met fruit. Drink deze witte port gekoeld op een mooie zomerdag of als zoete, krachtige dessert wijn op kamertemperatuur.&nbsp;"	""	"4693747"	"11,99"	"0,00"	"21,00"	"stuk"	"0"	""	""	""	""	""	"123983"	""	"https://51891.static.securearea.eu/Files/2/51000/51891/ProductPhotos/Large/162609701.jpg"	"0"	"0,00"	""	""	"0,00"	""	"0,00"	"0,00"	""	"0,00"	"0,00"	""	"0,00"	"0,00"	""	"0,00"	"0,00"	""	"0,00"	"0,00"	"1"	""	""	""	""	""	""	""	""	""	""	""
"Sauternes Prince de Saint-Aubin"	""	""	"1.5000"	"Sauternes is uniek in zijn bouquet en karakter. Licht zoet en zacht als honing. Een heerlijke wijn bij Foie gras, blauwe kaas en desserts."	""	"3434021;3476707;"	"12,99"	"0,00"	"21,00"	"stuk"	"0"	""	""	""	""	""	"123983"	""	""	"0"	"0,00"	""	""	"0,00"	""	"0,00"	"0,00"	""	"0,00"	"0,00"	""	"0,00"	"0,00"	""	"0,00"	"0,00"	""	"0,00"	"0,00"	"1"	""	""	""	""	""	""	""	""	""	""	""
"Veuve de Lalande Rosé Sec"	""	""	"1.5000"	"Fris, droog en heerlijke. Een mooie mousserende Ros&eacute; voor iedere feestelijke gelegenheid."	""	"3434031"	"11,99"	"0,00"	"21,00"	"stuk"	"0"	""	""	""	""	""	"123983"	""	"https://51891.static.securearea.eu/Files/2/51000/51891/ProductPhotos/Large/162854321.jpg"	"0"	"0,00"	""	""	"0,00"	""	"0,00"	"0,00"	""	"0,00"	"0,00"	""	"0,00"	"0,00"	""	"0,00"	"0,00"	""	"0,00"	"0,00"	"1"	""	""	""	""	""	""	""	""	""	""	""
"Sartori Soave DOC"	""	""	"1.5000"	"Fris, subtiel, licht en fruitig. De Soave is een echte Italiaanse klassieker. Heerlijk bij visgerechten, salades en lichte pasta&#39;s of als aperitief."	""	"3476715;5037529;"	"5,99"	"0,00"	"21,00"	"stuk"	"0"	""	""	""	""	""	"123983"	""	"https://51891.static.securearea.eu/Files/2/51000/51891/ProductPhotos/Large/164730335.jpg"	"0"	"0,00"	""	""	"0,00"	""	"0,00"	"0,00"	""	"0,00"	"0,00"	""	"0,00"	"0,00"	""	"0,00"	"0,00"	""	"0,00"	"0,00"	"1"	""	""	""	""	""	""	""	""	""	""	""
"Sartori Bardolino DOC"	""	""	"1.5000"	"Een zeer soepele en zachte rode wijn. Licht en fruitig. Prima om los te drinken of bij verschillende Italiaanse pasta&#39;s."	""	"3476683;5037529;"	"5,99"	"0,00"	"21,00"	"stuk"	"0"	""	""	""	""	""	"123983"	""	"https://51891.static.securearea.eu/Files/2/51000/51891/ProductPhotos/Large/164730915.jpg"	"0"	"0,00"	""	""	"0,00"	""	"0,00"	"0,00"	""	"0,00"	"0,00"	""	"0,00"	"0,00"	""	"0,00"	"0,00"	""	"0,00"	"0,00"	"1"	""	""	""	""	""	""	""	""	""	""	""
"Orschwiller Alsace Riesling"	""	""	"1.5000"	"Een volle en zeer droge witte wijn uit de Elzas. Heerlijk als aperitief of bij mooie visgerechten.&nbsp;"	""	"3434021;3476707;5078853;"	"6,99"	"0,00"	"21,00"	"stuk"	"0"	""	""	""	""	""	"123983"	""	"https://51891.static.securearea.eu/Files/2/51000/51891/ProductPhotos/Large/164730995.jpg"	"0"	"1,50"	""	""	"0,00"	""	"0,00"	"0,00"	""	"0,00"	"0,00"	""	"0,00"	"0,00"	""	"0,00"	"0,00"	""	"0,00"	"0,00"	"1"	""	""	""	""	""	""	""	""	""	""	""
"Chateau Fontaubert Côtes de Bordeaux"	""	""	"1.5000"	"Krachtige rode Bordeaux wijn. Heerlijk bij steak, hert of blauwe kaas.&nbsp;"	""	"3434021;3476681;"	"7,99"	"0,00"	"21,00"	"stuk"	"0"	""	""	""	""	""	"123983"	""	"https://51891.static.securearea.eu/Files/2/51000/51891/ProductPhotos/Large/168388503.jpg"	"0"	"0,00"	""	""	"0,00"	""	"0,00"	"0,00"	""	"0,00"	"0,00"	""	"0,00"	"0,00"	""	"0,00"	"0,00"	""	"0,00"	"0,00"	"1"	""	""	""	""	""	""	""	""	""	""	""
"Domaines de Terres de Velle Volnay 1er Cru 2009"	""	""	"1.5000"	"Gedurende het gehele jaar 2009 genoot Domaines de Terres de Velle van ideale weersomstandigheden wat heeft geleid tot een uitstekende oogst en een excellente wijn. Deze Volnay bezit een onvoorstelbare explosie van fruit met een uitzonderlijk elegante afdronk.&nbsp;<br><br>Klik hier om meer te lezen over deze zeer speciale Bourgogne"	""	"3434021;3476681;"	"49,95"	"0,00"	"21,00"	"stuk"	"0"	""	""	""	""	""	"123983"	""	"https://51891.static.securearea.eu/Files/2/51000/51891/ProductPhotos/Large/168388607.jpg"	"0"	"0,00"	""	""	"0,00"	""	"0,00"	"0,00"	""	"0,00"	"0,00"	""	"0,00"	"0,00"	""	"0,00"	"0,00"	""	"0,00"	"0,00"	"1"	""	""	""	""	""	""	""	""	""	""	""
"Jean-Luc Colombo Côtes du Rhône Blanc"	""	""	"1.5000"	"Een lichte doch zeer minerale witte wijn uit de Rh&ocirc;ne met een mooie afdronk van citrusvruchten. Aangenaam rond en fris van smaak, met een verrassende complexiteit."	""	"3434021;3476707;"	"7,99"	"0,00"	"21,00"	"stuk"	"0"	""	""	""	""	""	"123983"	""	"https://51891.static.securearea.eu/Files/2/51000/51891/ProductPhotos/Large/168516895.jpg"	"0"	"0,00"	""	""	"0,00"	""	"0,00"	"0,00"	""	"0,00"	"0,00"	""	"0,00"	"0,00"	""	"0,00"	"0,00"	""	"0,00"	"0,00"	"1"	""	""	""	""	""	""	""	""	""	""	""
"Bouchard Saint-Véran"	""	""	"1.5000"	"Krachtig floraal aroma met smaken van perzik, appel en peer. Een zeer elegante en verfijnde wijn. Saint-V&eacute;ran is een dorp in de Macon streek dat zich onderscheid van zijn buren met zijn bijzonder fleurig aroma. De Saint-V&eacute;ran is een heerlijk aperitief maar combineert ook goed met vis of kip.&nbsp;"	""	"3434021;3476707;"	"13,49"	"0,00"	"21,00"	"stuk"	"0"	""	""	""	""	""	"123983"	""	"https://51891.static.securearea.eu/Files/2/51000/51891/ProductPhotos/Large/175270191.png"	"0"	"0,00"	""	""	"0,00"	""	"0,00"	"0,00"	""	"0,00"	"0,00"	""	"0,00"	"0,00"	""	"0,00"	"0,00"	""	"0,00"	"0,00"	"1"	""	""	""	""	""	""	""	""	""	""	""
"Popova Kula Zilavka"	""	""	"1.5000"	"Een heerlijke frisse en lichte, droge witte wijn van bleekgele kleur. De Zilavka is een aromatische wijn met geuren van tropisch fruit en perzik met een prettige en soepele afdronk.&nbsp;<br><br>Heerlijk bij vis, kip, salades en vis. Ook goed te drinken bij verschillende jonge en oude gele kazen en witte schimmels.&nbsp;<br><br>Popova Kula is een modern maar klein wijnhuis dat tevens dienst doet als herberg voor bezoekers aan de wijngaard. Iconisch is de toren van het wijnhuis, de afgebeeld staat op het etiket.&nbsp;"	""	"3434025;4645793;"	"8,49"	"0,00"	"21,00"	"stuk"	"0"	""	""	""	""	""	"123983"	""	"https://51891.static.securearea.eu/Files/2/51000/51891/ProductPhotos/Large/179055089.gif"	"0"	"0,00"	""	""	"0,00"	""	"0,00"	"0,00"	""	"0,00"	"0,00"	""	"0,00"	"0,00"	""	"0,00"	"0,00"	""	"0,00"	"0,00"	"1"	""	""	""	""	""	""	""	""	""	""	""
"Popova Kula Vranec"	""	""	"1.5000"	"Een droge intense rode wijn uit Macedoni&euml; van de Vranec druif. Een echte krachtpatser met sterke aroma&#39;s van rook, chocolade en pruimen. De Vranec is desondanks zijn kracht soepel en prettig om te drinken. Naar eigen smaak kunt u de fles 1 &aacute; 2 uur van te voren decanteren of openen zodat de wijn kans krijgt om te oxideren.&nbsp;<br><br>De Vranec is een perfect te serveren bij rood vlees."	""	"3434025;4645791;"	"8,49"	"0,00"	"21,00"	"stuk"	"0"	""	""	""	""	""	"123983"	""	"https://51891.static.securearea.eu/Files/2/51000/51891/ProductPhotos/Large/179055953.gif"	"0"	"0,00"	""	""	"0,00"	""	"0,00"	"0,00"	""	"0,00"	"0,00"	""	"0,00"	"0,00"	""	"0,00"	"0,00"	""	"0,00"	"0,00"	"1"	""	""	""	""	""	""	""	""	""	""	""
"Chateau l'Abeille"	""	""	"2.0000"	"Een stevige rode wijn uit de Bordeaux van merendeels Merlot druiven. Pittig en krachtig. Bij het openen van deze fles merkt u al direct een krachtig kruidig aroma. Deze wijn combineert goed met smaakvol rood vlees maar is ondanks zijn stevigheid ook prima op zichzelf te drinken na dat u hem even laat luchten."	""	""	"4,49"	"0,00"	"21,00"	"stuk"	"0"	""	""	""	""	""	"123983"	""	""	"0"	"0,00"	""	""	"0,00"	""	"0,00"	"0,00"	""	"0,00"	"0,00"	""	"0,00"	"0,00"	""	"0,00"	"0,00"	""	"0,00"	"0,00"	"1"	""	""	""	""	""	""	""	""	""	""	""
"Dois Mundos Tawny Port"	""	""	"2.0000"	"Een prettig dikkige en zoetige port. Heerlijk bij blauwe kaas of desserts."	""	"4693747"	"7,99"	"0,00"	"21,00"	"stuk"	"0"	""	""	""	""	""	"123983"	""	"https://51891.static.securearea.eu/Files/2/51000/51891/ProductPhotos/Large/180871017.jpg"	"0"	"0,00"	""	""	"0,00"	""	"0,00"	"0,00"	""	"0,00"	"0,00"	""	"0,00"	"0,00"	""	"0,00"	"0,00"	""	"0,00"	"0,00"	"1"	""	""	""	""	""	""	""	""	""	""	""
"Dois Mundos White Port"	""	""	"2.0000"	"Een frisse, licht-zoete witte port. Heerlijk als ijskoud aperitief of bij verscheidene desserts."	""	"4693747"	"7,99"	"0,00"	"21,00"	"stuk"	"0"	""	""	""	""	""	"123983"	""	"https://51891.static.securearea.eu/Files/2/51000/51891/ProductPhotos/Large/180871119.jpg"	"0"	"0,00"	""	""	"0,00"	""	"0,00"	"0,00"	""	"0,00"	"0,00"	""	"0,00"	"0,00"	""	"0,00"	"0,00"	""	"0,00"	"0,00"	"1"	""	""	""	""	""	""	""	""	""	""	""
"Dois Mundos Ruby Port"	""	""	"2.0000"	""	""	"4693747"	"7,99"	"0,00"	"21,00"	"stuk"	"0"	""	""	""	""	""	"123983"	""	""	"0"	"0,00"	""	""	"0,00"	""	"0,00"	"0,00"	""	"0,00"	"0,00"	""	"0,00"	"0,00"	""	"0,00"	"0,00"	""	"0,00"	"0,00"	"1"	""	""	""	""	""	""	""	""	""	""	""
"Vina Laguna Teran"	""	""	"2.0000"	"Een mooie, zachte Kroatische wijn uit Istri&euml;. Soepel, prettig en licht."	""	"5108089"	"10,00"	"0,00"	"21,00"	"stuk"	"2"	""	""	""	""	""	"123983"	""	"https://51891.static.securearea.eu/Files/2/51000/51891/ProductPhotos/Large/182122903.gif"	"0"	"3,00"	""	""	"0,00"	""	"0,00"	"0,00"	""	"0,00"	"0,00"	""	"0,00"	"0,00"	""	"0,00"	"0,00"	""	"0,00"	"0,00"	"1"	""	""	""	""	""	""	""	""	""	""	""
"Eugene Blanc Bourgogne Blanc"	""	""	"2.0000"	""	""	"5108089"	"13,99"	"0,00"	"21,00"	"stuk"	"0"	""	""	""	""	""	"123983"	""	"https://51891.static.securearea.eu/Files/2/51000/51891/ProductPhotos/Large/182123169.jpg"	"0"	"4,00"	""	""	"0,00"	""	"0,00"	"0,00"	""	"0,00"	"0,00"	""	"0,00"	"0,00"	""	"0,00"	"0,00"	""	"0,00"	"0,00"	"1"	""	""	""	""	""	""	""	""	""	""	""
"Sartori Proeverij"	""	""	"0.0000"	"De Sartori Proeverij<br><br>&nbsp;<br><br>Sartori is een zeer bekend wijnhuis uit de Italiaanse Veneto streek, specifiek rond de stad Verona. In 1898 schonk hotel eigenaar Sartori in zijn hotel zoveel wijn dat de lokale boeren het niet bij konden houden. Hij besloot om zelf wijn te gaan maken. Dat was zo&#39;n succes dat het hotel verkocht werd en de familie zich ging toeleggen op de wijnbouw. <br><br>&nbsp;<br><br>Sartori maakt een aantal typische Veneto wijnen waaronder Valpolicella, Bardolino en Soave. In onze proeverij gaat u het volgende proeven<br><br>&nbsp;<br><br>Sartori Soave D.O.C. (wit)<br><br>Sartori Soave Classico D.O.C. (wit)<br><br>Sartori Bardolino D.O.C (rood)<br><br>Sartori Bardolino Classico D.O.C. (rood)<br><br>Sartori Valpolicella D.O.C. (rood)<br>Sartori Pinot Grigio Ros&eacute; Veneto I.G.T. (Ros&eacute;)<br><br>&nbsp;<br><br>U maakt met deze proeverij kennis met alle belangrijke Veneto wijnen en zal ook het verschil proeven tussen een gewone Veneto wijn en een Classico wijn.<br><br>Voor 9,99 per persoon zonder extra kosten.<br><br>Wilt u deze proeverij reserveren? Mail dan naar wijnhandelkrens@gmail.com of bel naar 06 41922731<br><br>Op basis van minimaal 6 personen. Bij minder dan 6 personen rekenen wij een totaalprijs van 39,99<br><br>U zorgt zelf voor glaswerk. Niet voldoende glaswerk beschikbaar? Geef het aan en wij nemen het voor u mee."	""	"5110125"	"9,99"	"0,00"	"21,00"	"stuk"	"0"	""	""	""	""	""	"123983"	""	"https://51891.static.securearea.eu/Files/2/51000/51891/ProductPhotos/Large/182182215.jpg"	"0"	"0,00"	""	""	"0,00"	""	"0,00"	"0,00"	""	"0,00"	"0,00"	""	"0,00"	"0,00"	""	"0,00"	"0,00"	""	"0,00"	"0,00"	"1"	""	""	""	""	""	""	""	""	""	""	""
"Bordeaux Proeverij"	""	""	"0.0000"	"Bordeaux Proeverij <br><br>&nbsp;<br><br>Bordeaux is een van de beroemdste streken van Frankrijk. Deze streek bevat de allerduurste wijnen ter wereld. Zo gaat een goede fles Mouton-Rotschild voor duizenden euros per fles. Niet alle Bordeaux wijnen zijn zo duur! Juist in de Bordeaux kan men, met enig zoeken, zeer goede wijn vinden voor een zeer betaalbare prijs.<br><br>&nbsp;<br><br>In deze proeverij ontmoet u de belangrijkste dorpen en gebieden in Bordeaux.<br><br>&nbsp;<br><br>Chateau L&#39;Abeille Bordeaux (rood)<br><br>Le Cinq Pattes Bordeaux (rood)<br><br>Chateau Vieux-Labarthe St. Emilion (rood)<br><br>Chateau Semillon Haut-M&eacute;doc (rood)<br><br>Chateau Pillot Cotes-de-Bourg (rood)<br><br>Chateau Les Templiers Lalande-Pomerol (rood)<br><br>Chateau Plegat-la-Graviere Graves (rood)<br><br>&nbsp;<br><br>Extra&#39;s:<br><br>Chateau Paveill de Luze Margaux (+3.50 p.p.) (rood)<br><br>Prince de Saint-Aubin Sauternes (+2.00 p.p) (dessertwijn)<br><br>Voor 13,99 per persoon bij u thuis of op locatie zonder extra kosten!<br>Wilt u deze proeverij reserveren? Mail dan naar wijnhandelkrens@gmail.com of bel naar 06 41922731<br><br>Op basis van minimaal 6 personen. Bij minder dan 6 personen rekenen wij een totaalprijs van 79.99<br><br>U zorgt zelf voor glaswerk. Geen glaswerk in huis? Meld het van te voren en wij regelen het voor u."	""	"5110125"	"13,99"	"0,00"	"21,00"	"stuk"	"0"	""	""	""	""	""	"123983"	""	"https://51891.static.securearea.eu/Files/2/51000/51891/ProductPhotos/Large/182182189.jpg"	"0"	"0,00"	""	""	"0,00"	""	"0,00"	"0,00"	""	"0,00"	"0,00"	""	"0,00"	"0,00"	""	"0,00"	"0,00"	""	"0,00"	"0,00"	"1"	""	""	""	""	""	""	""	""	""	""	""
"Sandeman Sherry Fino"	""	""	"0.0000"	"De sherry van Sandeman is een echte klassieker. Helder strogeel van kleur, licht en fruitig van smaak en delicaat. De droge sherry van Sandeman rijpt minstens drie jaar op houten vaten. Drink de droge sherry van Sandeman tussen 6 en 8 graden celsius als aperitief of bij fijne visgerechten."	""	"4693747"	"6,49"	"0,00"	"21,00"	"stuk"	"0"	""	""	""	""	""	"123983"	""	"https://51891.static.securearea.eu/Files/2/51000/51891/ProductPhotos/Large/184163677.png"	"0"	"0,00"	""	""	"0,00"	""	"0,00"	"0,00"	""	"0,00"	"0,00"	""	"0,00"	"0,00"	""	"0,00"	"0,00"	""	"0,00"	"0,00"	"1"	""	""	""	""	""	""	""	""	""	""	""
"Sandeman Sherry Medium Dry"	""	""	"2.0000"	"Een rijke sherry van Sandeman. De subtiele zoetigheid maakt voor een prettige afdronk. De sherry van Sandeman rijpt minimaal 3 jaar op houten vaten waar hij een amber-achtige kleur van krijgt. De sherry heeft een ietwat notige smaak die mooi samengaat met zijn lichte zoetheid. Drink deze sherry tussen de 8 en 10 graden celsius"	""	"4693747"	"6,49"	"0,00"	"21,00"	"stuk"	"0"	""	""	""	""	""	"123983"	""	"https://51891.static.securearea.eu/Files/2/51000/51891/ProductPhotos/Large/184165083.jpg"	"0"	"0,00"	""	""	"0,00"	""	"0,00"	"0,00"	""	"0,00"	"0,00"	""	"0,00"	"0,00"	""	"0,00"	"0,00"	""	"0,00"	"0,00"	"1"	""	""	""	""	""	""	""	""	""	""	""
"Est! Est!! Est!!! di Montefiascone Vescovo"	""	""	"2.0000"	"Een fameuze wijn met een unieke historie. &quot;Est! Est! Est!&quot; betekent &quot;Hier! Hier! Hier!&quot; Dat is wat een 13de eeuwse monnik op zijn kaart schreef bij het gebied Montefiascone. Want daar was de wijn het allerlekkerst.&nbsp;<br><br>Het verhaal gaat een Duitse bischop, Johan Fugger, in de 13de eeuw een monnik op pad stuurde om de beste herbergen van Itali&euml; in kaart te brengen voor wanneer de bischop naar Rome moest reizen. De monnik kwam onderweg zo&#39;n geweldige wijn tegen bij een herberg dat hij deze herberg op zijn markeerde als &quot;Est! Est!! Est!!!&quot;. Sinsdien gaan alle witte wijnen uit Montefiascone onder de naam &quot;Est! Est!! Est!!!&quot;.<br><br>Deze Montefiascone is zeer droog met een opvallend aromatische neus. De smaak is zeer fris en doet denken aan appels. Drink deze wijn koel, maar zeker niet te koud, bij delicate Italiaanse gerechten."	""	"3476715;5037529;"	"6,99"	"0,00"	"21,00"	"stuk"	"0"	""	""	""	""	""	"123983"	""	"https://51891.static.securearea.eu/Files/2/51000/51891/ProductPhotos/Large/184165601.png"	"0"	"0,00"	""	""	"0,00"	""	"0,00"	"0,00"	""	"0,00"	"0,00"	""	"0,00"	"0,00"	""	"0,00"	"0,00"	""	"0,00"	"0,00"	"1"	""	""	""	""	""	""	""	""	""	""	""
"Sant'Antonio Frascati"	""	""	"2.0000"	"Een heerlijke droge witte wijn uit de Lazio streek in Itali&euml;. De Frascati is een blend van de Malvasia en Trebbiano druiven. Het is een krachtig frisse wijn met een uitgesproken floraal boeket. De smaak doet denken aan appel en rijpe peer.&nbsp;"	""	"3476715;5037529;"	"9,99"	"0,00"	"21,00"	"stuk"	"0"	""	""	""	""	""	"123983"	""	"https://51891.static.securearea.eu/Files/2/51000/51891/ProductPhotos/Large/184165867.jpg"	"0"	"0,00"	""	""	"0,00"	""	"0,00"	"0,00"	""	"0,00"	"0,00"	""	"0,00"	"0,00"	""	"0,00"	"0,00"	""	"0,00"	"0,00"	"1"	""	""	""	""	""	""	""	""	""	""	""
"Georges Duboeuf Beaujolais Blanc"	""	""	"2.0000"	"Een unieke witte Beaujolais van Georges Duboeuf. Deze wijn bezit een intens en plezant floraal aroma. Op de tong is deze droge wijn vol en zacht.<br><br>Slechts 1% van alle wijn uit de Beaujolais is wit. Dat maakt deze wijn zo uniek. Drinkt deze wijn het best gewoon op zichzelf, om hem optimaal te ervaren, of combineer hem met lichte lente en zomerse gerechten."	""	"3434021;3476707;"	"8,99"	"0,00"	"21,00"	"stuk"	"0"	""	""	""	""	""	"123983"	""	"https://51891.static.securearea.eu/Files/2/51000/51891/ProductPhotos/Large/188857843.jpg"	"0"	"0,00"	""	""	"0,00"	""	"0,00"	"0,00"	""	"0,00"	"0,00"	""	"0,00"	"0,00"	""	"0,00"	"0,00"	""	"0,00"	"0,00"	"1"	""	""	""	""	""	""	""	""	""	""	""
"Zagreus Mavrud White"	""	""	"2.0000"	"Een prachtige witte wijn uit Bulgarije van de unieke Mavrud druif. De witte Mavrud heeft een krachtige amandel en peertjes smaak. Deze wijn is een witte wijn van de rode Mavrud druif. Dat maakt hem vol en lekker vettig. Een heerlijke wijn bij verfijnde gerechten, die stevige smaken en kruiden goed kan verdragen.&nbsp;"	""	"5262905"	"8,99"	"0,00"	"21,00"	"stuk"	"0"	""	""	""	""	""	"123983"	""	"https://51891.static.securearea.eu/Files/2/51000/51891/ProductPhotos/Large/195319967.jpg"	"0"	"2,25"	""	""	"0,00"	""	"0,00"	"0,00"	""	"0,00"	"0,00"	""	"0,00"	"0,00"	""	"0,00"	"0,00"	""	"0,00"	"0,00"	"6"	""	""	""	""	""	""	""	""	""	""	""
"Osborne Cream Sherry"	""	""	"2.0000"	"Een mooie, zacht zoetige sherry van Osborne met smaken en aromas van hout, caramel, dadels en walnoten."	""	"4693747"	"6,29"	"0,00"	"21,00"	"stuk"	"0"	""	""	""	""	""	"123983"	""	"https://51891.static.securearea.eu/Files/2/51000/51891/ProductPhotos/Large/196580805.jpg"	"0"	"0,00"	""	""	"0,00"	""	"0,00"	"0,00"	""	"0,00"	"0,00"	""	"0,00"	"0,00"	""	"0,00"	"0,00"	""	"0,00"	"0,00"	"1"	""	""	""	""	""	""	""	""	""	""	""
"Pocas Rosé Port"	""	""	"2.0000"	"Een unieke ros&eacute; port. Zeer zacht en soepel op de tong. Deze port heeft een plezant zoetje en mag (naar voorkeur) licht gekoeld gedronken worden."	""	"4693747"	"9,99"	"0,00"	"21,00"	"stuk"	"0"	""	""	""	""	""	"123983"	""	"https://51891.static.securearea.eu/Files/2/51000/51891/ProductPhotos/Large/196581745.jpg"	"0"	"0,00"	""	""	"0,00"	""	"0,00"	"0,00"	""	"0,00"	"0,00"	""	"0,00"	"0,00"	""	"0,00"	"0,00"	""	"0,00"	"0,00"	"1"	""	""	""	""	""	""	""	""	""	""	""
"Bouchard Aîné & Fils Hautes-Côtes de Beaune"	""	""	"2.0000"	"&Eacute;chte Bourgogne van Bouchard. Zoals alle witte Bourgogne van de Chardonnay druif. Deze klassieker is vol en rond, de smaak appeltjesfris en licht vettig. Een echte Franse klassieker.&nbsp;"	""	"3434021;3476707;"	"18,99"	"0,00"	"21,00"	"stuk"	"0"	""	""	""	""	""	"123983"	""	"https://51891.static.securearea.eu/Files/2/51000/51891/ProductPhotos/Large/196586381.png"	"0"	"0,00"	""	""	"0,00"	""	"0,00"	"0,00"	""	"0,00"	"0,00"	""	"0,00"	"0,00"	""	"0,00"	"0,00"	""	"0,00"	"0,00"	"1"	""	""	""	""	""	""	""	""	""	""	""
